"","site_no","Location","agency_cd","Date","Water Temperature (C)","pH","Inorganic.nitrogen..nitrate.and.nitrite.","Precipitation (in)","River Flow (cfs)","Water Height (ft)","Specific Conductivity","Dissolved Oxygen (mg/L)","tz_cd","Latitude","Longitude","E. coli (MPN/100 mL)","Status"
"1","03431060","Whitsett Park","USGS",2022-06-17 17:00:00,NA,NA,NA,0,26.4,2.61,NA,NA,"UTC","36.08160","-86.68073",NA,NA
"2","03431060","Mill Creek Greenway","USGS",2022-06-17 17:00:00,NA,NA,NA,0,26.4,2.61,NA,NA,"UTC","36.11757","-86.71905",NA,NA
"3","03431700","Richland Creek","USGS",2022-06-17 16:45:00,NA,NA,NA,0,25.7,0.92,NA,NA,"UTC","36.15122","-86.85427",266,"Warning"
"4","03431700","Jackson Blvd","USGS",2022-06-17 16:45:00,NA,NA,NA,0,25.7,0.92,NA,NA,"UTC","36.10167","-86.86806",NA,NA
"5","0343233905","Lewisburg Pike","USGS",2022-06-17 17:00:00,27.5,8.1,NA,0,14.6,1.92,460,6.4,"UTC","35.89984","-86.84289",60.1,"Safe"
"6","03433500","Moran Rd. Bridge","USGS",2022-06-17 16:30:00,NA,NA,NA,0,110,1.51,NA,NA,"UTC","36.01722","-86.89972",NA,NA
"7","03433500","Hwy 100 Boat Launch","USGS",2022-06-17 16:30:00,NA,NA,NA,0,110,1.51,NA,NA,"UTC","36.05456","-86.92851",19.8,"Safe"
"8","03434500","Hwy 70","USGS",2022-06-17 16:00:00,NA,NA,NA,0,219,1.48,NA,NA,"UTC","36.12200","-87.09889",NA,NA
"9","03431060","Whitsett Park","USGS",2022-06-17 18:00:00,NA,NA,NA,0,82.5,3.06,NA,NA,"UTC","36.08160","-86.68073",NA,NA
"10","03431060","Mill Creek Greenway","USGS",2022-06-17 18:00:00,NA,NA,NA,0,82.5,3.06,NA,NA,"UTC","36.11757","-86.71905",NA,NA
"11","03431700","Richland Creek","USGS",2022-06-17 18:45:00,NA,NA,NA,0,11.3,0.74,NA,NA,"UTC","36.15122","-86.85427",343,"Warning"
"12","03431700","Jackson Blvd","USGS",2022-06-17 18:45:00,NA,NA,NA,0,11.3,0.74,NA,NA,"UTC","36.10167","-86.86806",NA,NA
"13","0343233905","Lewisburg Pike","USGS",2022-06-17 18:45:00,27.5,8.1,NA,0,14.6,1.92,460,7,"UTC","35.89984","-86.84289",60.1,"Safe"
"14","03433500","Moran Rd. Bridge","USGS",2022-06-17 18:30:00,NA,NA,NA,0,103,1.49,NA,NA,"UTC","36.01722","-86.89972",NA,NA
"15","03433500","Hwy 100 Boat Launch","USGS",2022-06-17 18:30:00,NA,NA,NA,0,103,1.49,NA,NA,"UTC","36.05456","-86.92851",9.85,"Safe"
"16","03434500","Hwy 70","USGS",2022-06-17 18:00:00,NA,NA,NA,0,222,1.49,NA,NA,"UTC","36.12200","-87.09889",NA,NA
"17","03431060","Whitsett Park","USGS",2022-06-17 19:00:00,NA,NA,NA,0,77.6,3.03,NA,NA,"UTC","36.08160","-86.68073",NA,NA
"18","03431060","Mill Creek Greenway","USGS",2022-06-17 19:00:00,NA,NA,NA,0,77.6,3.03,NA,NA,"UTC","36.11757","-86.71905",NA,NA
"19","03431700","Richland Creek","USGS",2022-06-17 19:45:00,NA,NA,NA,0,14.9,0.79,NA,NA,"UTC","36.15122","-86.85427",545,"Warning"
"20","03431700","Jackson Blvd","USGS",2022-06-17 19:45:00,NA,NA,NA,0,14.9,0.79,NA,NA,"UTC","36.10167","-86.86806",NA,NA
"21","0343233905","Lewisburg Pike","USGS",2022-06-17 19:45:00,27.8,8.1,NA,0,14.6,1.92,460,7.4,"UTC","35.89984","-86.84289",60.1,"Safe"
"22","03433500","Moran Rd. Bridge","USGS",2022-06-17 19:30:00,NA,NA,NA,0,103,1.49,NA,NA,"UTC","36.01722","-86.89972",NA,NA
"23","03433500","Hwy 100 Boat Launch","USGS",2022-06-17 19:30:00,NA,NA,NA,0,103,1.49,NA,NA,"UTC","36.05456","-86.92851",9.85,"Safe"
"24","03434500","Hwy 70","USGS",2022-06-17 19:00:00,NA,NA,NA,0,225,1.5,NA,NA,"UTC","36.12200","-87.09889",NA,NA
"25","03431060","Whitsett Park","USGS",2022-06-17 20:00:00,NA,NA,NA,0,62.3,2.93,NA,NA,"UTC","36.08160","-86.68073",NA,NA
"26","03431060","Mill Creek Greenway","USGS",2022-06-17 20:00:00,NA,NA,NA,0,62.3,2.93,NA,NA,"UTC","36.11757","-86.71905",NA,NA
"27","03431700","Richland Creek","USGS",2022-06-17 20:45:00,NA,NA,NA,0,16.4,0.81,NA,NA,"UTC","36.15122","-86.85427",672,"Warning"
"28","03431700","Jackson Blvd","USGS",2022-06-17 20:45:00,NA,NA,NA,0,16.4,0.81,NA,NA,"UTC","36.10167","-86.86806",NA,NA
"29","0343233905","Lewisburg Pike","USGS",2022-06-17 20:45:00,28,8.2,NA,0,14.2,1.91,460,7.6,"UTC","35.89984","-86.84289",57.8,"Safe"
"30","03433500","Moran Rd. Bridge","USGS",2022-06-17 20:30:00,NA,NA,NA,0,103,1.49,NA,NA,"UTC","36.01722","-86.89972",NA,NA
"31","03433500","Hwy 100 Boat Launch","USGS",2022-06-17 20:30:00,NA,NA,NA,0,103,1.49,NA,NA,"UTC","36.05456","-86.92851",9.85,"Safe"
"32","03434500","Hwy 70","USGS",2022-06-17 20:00:00,NA,NA,NA,0,225,1.5,NA,NA,"UTC","36.12200","-87.09889",NA,NA
"33","03431060","Whitsett Park","USGS",2022-06-17 21:00:00,NA,NA,NA,0,65.2,2.95,NA,NA,"UTC","36.08160","-86.68073",NA,NA
"34","03431060","Mill Creek Greenway","USGS",2022-06-17 21:00:00,NA,NA,NA,0,65.2,2.95,NA,NA,"UTC","36.11757","-86.71905",NA,NA
"35","03431700","Richland Creek","USGS",2022-06-17 21:45:00,NA,NA,NA,0,12.7,0.76,NA,NA,"UTC","36.15122","-86.85427",672,"Warning"
"36","03431700","Jackson Blvd","USGS",2022-06-17 21:45:00,NA,NA,NA,0,12.7,0.76,NA,NA,"UTC","36.10167","-86.86806",NA,NA
"37","0343233905","Lewisburg Pike","USGS",2022-06-17 21:45:00,27.9,8.2,NA,0,14.2,1.91,460,7.4,"UTC","35.89984","-86.84289",57.8,"Safe"
"38","03433500","Moran Rd. Bridge","USGS",2022-06-17 21:30:00,NA,NA,NA,0,101,1.48,NA,NA,"UTC","36.01722","-86.89972",NA,NA
"39","03433500","Hwy 100 Boat Launch","USGS",2022-06-17 21:30:00,NA,NA,NA,0,101,1.48,NA,NA,"UTC","36.05456","-86.92851",7.02,"Safe"
"40","03434500","Hwy 70","USGS",2022-06-17 21:00:00,NA,NA,NA,0,216,1.47,NA,NA,"UTC","36.12200","-87.09889",NA,NA
"41","03431060","Whitsett Park","USGS",2022-06-17 22:00:00,NA,NA,NA,0,54.3,2.87,NA,NA,"UTC","36.08160","-86.68073",NA,NA
"42","03431060","Mill Creek Greenway","USGS",2022-06-17 22:00:00,NA,NA,NA,0,54.3,2.87,NA,NA,"UTC","36.11757","-86.71905",NA,NA
"43","03431700","Richland Creek","USGS",2022-06-17 22:45:00,NA,NA,NA,0,11.3,0.74,NA,NA,"UTC","36.15122","-86.85427",586,"Warning"
"44","03431700","Jackson Blvd","USGS",2022-06-17 22:45:00,NA,NA,NA,0,11.3,0.74,NA,NA,"UTC","36.10167","-86.86806",NA,NA
"45","0343233905","Lewisburg Pike","USGS",2022-06-17 22:45:00,27.7,8.1,NA,0,14.2,1.91,460,7,"UTC","35.89984","-86.84289",57.8,"Safe"
"46","03433500","Moran Rd. Bridge","USGS",2022-06-17 22:30:00,NA,NA,NA,0,97.6,1.47,NA,NA,"UTC","36.01722","-86.89972",NA,NA
"47","03433500","Hwy 100 Boat Launch","USGS",2022-06-17 22:30:00,NA,NA,NA,0,97.6,1.47,NA,NA,"UTC","36.05456","-86.92851",2.2,"Safe"
"48","03434500","Hwy 70","USGS",2022-06-17 22:00:00,NA,NA,NA,0,234,1.53,NA,NA,"UTC","36.12200","-87.09889",NA,NA
"49","03431060","Whitsett Park","USGS",2022-06-17 23:00:00,NA,NA,NA,0,48.2,2.82,NA,NA,"UTC","36.08160","-86.68073",NA,NA
"50","03431060","Mill Creek Greenway","USGS",2022-06-17 23:00:00,NA,NA,NA,0,48.2,2.82,NA,NA,"UTC","36.11757","-86.71905",NA,NA
"51","03431700","Richland Creek","USGS",2022-06-17 23:45:00,NA,NA,NA,0,10.1,0.72,NA,NA,"UTC","36.15122","-86.85427",545,"Warning"
"52","03431700","Jackson Blvd","USGS",2022-06-17 23:45:00,NA,NA,NA,0,10.1,0.72,NA,NA,"UTC","36.10167","-86.86806",NA,NA
"53","0343233905","Lewisburg Pike","USGS",2022-06-17 23:45:00,27.5,8.1,NA,0,14.2,1.91,460,6.7,"UTC","35.89984","-86.84289",57.8,"Safe"
"54","03433500","Moran Rd. Bridge","USGS",2022-06-17 23:30:00,NA,NA,NA,0,97.6,1.47,NA,NA,"UTC","36.01722","-86.89972",NA,NA
"55","03433500","Hwy 100 Boat Launch","USGS",2022-06-17 23:30:00,NA,NA,NA,0,97.6,1.47,NA,NA,"UTC","36.05456","-86.92851",2.2,"Safe"
"56","03434500","Hwy 70","USGS",2022-06-17 23:00:00,NA,NA,NA,0,228,1.51,NA,NA,"UTC","36.12200","-87.09889",NA,NA
"57","03431060","Whitsett Park","USGS",2022-06-18 02:00:00,NA,NA,NA,0,53.1,2.86,NA,NA,"UTC","36.08160","-86.68073",NA,NA
"58","03431060","Mill Creek Greenway","USGS",2022-06-18 02:00:00,NA,NA,NA,0,53.1,2.86,NA,NA,"UTC","36.11757","-86.71905",NA,NA
"59","03431700","Richland Creek","USGS",2022-06-18 02:45:00,NA,NA,NA,0,7.4,0.67,NA,NA,"UTC","36.15122","-86.85427",266,"Warning"
"60","03431700","Jackson Blvd","USGS",2022-06-18 02:45:00,NA,NA,NA,0,7.4,0.67,NA,NA,"UTC","36.10167","-86.86806",NA,NA
"61","0343233905","Lewisburg Pike","USGS",2022-06-18 02:45:00,27.3,8.1,NA,0,13.7,1.9,460,6.2,"UTC","35.89984","-86.84289",54.9,"Safe"
"62","03433500","Moran Rd. Bridge","USGS",2022-06-18 02:30:00,NA,NA,NA,0,101,1.48,NA,NA,"UTC","36.01722","-86.89972",NA,NA
"63","03433500","Hwy 100 Boat Launch","USGS",2022-06-18 02:30:00,NA,NA,NA,0,101,1.48,NA,NA,"UTC","36.05456","-86.92851",7.02,"Safe"
"64","03434500","Hwy 70","USGS",2022-06-18 02:00:00,NA,NA,NA,0,237,1.54,NA,NA,"UTC","36.12200","-87.09889",NA,NA
"65","03431060","Whitsett Park","USGS",2022-06-18 04:00:00,NA,NA,NA,0,42.6,2.77,NA,NA,"UTC","36.08160","-86.68073",NA,NA
"66","03431060","Mill Creek Greenway","USGS",2022-06-18 04:00:00,NA,NA,NA,0,42.6,2.77,NA,NA,"UTC","36.11757","-86.71905",NA,NA
"67","03431700","Richland Creek","USGS",2022-06-18 03:45:00,NA,NA,NA,0,6.92,0.66,NA,NA,"UTC","36.15122","-86.85427",117,"Safe"
"68","03431700","Jackson Blvd","USGS",2022-06-18 03:45:00,NA,NA,NA,0,6.92,0.66,NA,NA,"UTC","36.10167","-86.86806",NA,NA
"69","0343233905","Lewisburg Pike","USGS",2022-06-18 04:15:00,27,8,NA,0,13.7,1.9,460,5.8,"UTC","35.89984","-86.84289",54.9,"Safe"
"70","03433500","Moran Rd. Bridge","USGS",2022-06-18 03:30:00,NA,NA,NA,0,103,1.49,NA,NA,"UTC","36.01722","-86.89972",NA,NA
"71","03433500","Hwy 100 Boat Launch","USGS",2022-06-18 03:30:00,NA,NA,NA,0,103,1.49,NA,NA,"UTC","36.05456","-86.92851",9.85,"Safe"
"72","03434500","Hwy 70","USGS",2022-06-18 03:00:00,NA,NA,NA,0,237,1.54,NA,NA,"UTC","36.12200","-87.09889",NA,NA
"73","03431060","Whitsett Park","USGS",2022-06-18 05:00:00,NA,NA,NA,0,39.3,2.74,NA,NA,"UTC","36.08160","-86.68073",NA,NA
"74","03431060","Mill Creek Greenway","USGS",2022-06-18 05:00:00,NA,NA,NA,0,39.3,2.74,NA,NA,"UTC","36.11757","-86.71905",NA,NA
"75","03431700","Richland Creek","USGS",2022-06-18 04:45:00,NA,NA,NA,0,6.92,0.66,NA,NA,"UTC","36.15122","-86.85427",117,"Safe"
"76","03431700","Jackson Blvd","USGS",2022-06-18 04:45:00,NA,NA,NA,0,6.92,0.66,NA,NA,"UTC","36.10167","-86.86806",NA,NA
"77","0343233905","Lewisburg Pike","USGS",2022-06-18 05:15:00,26.8,8,NA,0,13.7,1.9,460,5.8,"UTC","35.89984","-86.84289",54.9,"Safe"
"78","03433500","Moran Rd. Bridge","USGS",2022-06-18 04:30:00,NA,NA,NA,0,101,1.48,NA,NA,"UTC","36.01722","-86.89972",NA,NA
"79","03433500","Hwy 100 Boat Launch","USGS",2022-06-18 04:30:00,NA,NA,NA,0,101,1.48,NA,NA,"UTC","36.05456","-86.92851",7.02,"Safe"
"80","03434500","Hwy 70","USGS",2022-06-18 04:00:00,NA,NA,NA,0,246,1.57,NA,NA,"UTC","36.12200","-87.09889",NA,NA
"81","03431060","Whitsett Park","USGS",2022-06-18 07:00:00,NA,NA,NA,0,33.9,2.69,NA,NA,"UTC","36.08160","-86.68073",NA,NA
"82","03431060","Mill Creek Greenway","USGS",2022-06-18 07:00:00,NA,NA,NA,0,33.9,2.69,NA,NA,"UTC","36.11757","-86.71905",NA,NA
"83","03431700","Richland Creek","USGS",2022-06-18 06:45:00,NA,NA,NA,0,6.03,0.64,NA,NA,"UTC","36.15122","-86.85427",46.1,"Safe"
"84","03431700","Jackson Blvd","USGS",2022-06-18 06:45:00,NA,NA,NA,0,6.03,0.64,NA,NA,"UTC","36.10167","-86.86806",NA,NA
"85","0343233905","Lewisburg Pike","USGS",2022-06-18 07:00:00,26.4,8,NA,0,13.7,1.9,460,5.6,"UTC","35.89984","-86.84289",54.9,"Safe"
"86","03433500","Moran Rd. Bridge","USGS",2022-06-18 06:30:00,NA,NA,NA,0,94.8,1.46,NA,NA,"UTC","36.01722","-86.89972",NA,NA
"87","03433500","Hwy 100 Boat Launch","USGS",2022-06-18 06:30:00,NA,NA,NA,0,94.8,1.46,NA,NA,"UTC","36.05456","-86.92851",-1.76,"Safe"
"88","03434500","Hwy 70","USGS",2022-06-18 06:00:00,NA,NA,NA,0,258,1.61,NA,NA,"UTC","36.12200","-87.09889",NA,NA
"89","03431060","Whitsett Park","USGS",2022-06-18 07:00:00,NA,NA,NA,0,33.9,2.69,NA,NA,"UTC","36.08160","-86.68073",NA,NA
"90","03431060","Mill Creek Greenway","USGS",2022-06-18 07:00:00,NA,NA,NA,0,33.9,2.69,NA,NA,"UTC","36.11757","-86.71905",NA,NA
"91","03431700","Richland Creek","USGS",2022-06-18 07:45:00,NA,NA,NA,0,5.62,0.63,NA,NA,"UTC","36.15122","-86.85427",46.1,"Safe"
"92","03431700","Jackson Blvd","USGS",2022-06-18 07:45:00,NA,NA,NA,0,5.62,0.63,NA,NA,"UTC","36.10167","-86.86806",NA,NA
"93","0343233905","Lewisburg Pike","USGS",2022-06-18 08:00:00,26.2,8,NA,0,13.7,1.9,460,5.6,"UTC","35.89984","-86.84289",54.9,"Safe"
"94","03433500","Moran Rd. Bridge","USGS",2022-06-18 07:30:00,NA,NA,NA,0,91.9,1.45,NA,NA,"UTC","36.01722","-86.89972",NA,NA
"95","03433500","Hwy 100 Boat Launch","USGS",2022-06-18 07:30:00,NA,NA,NA,0,91.9,1.45,NA,NA,"UTC","36.05456","-86.92851",-5.87,"Safe"
"96","03434500","Hwy 70","USGS",2022-06-18 07:00:00,NA,NA,NA,0,261,1.62,NA,NA,"UTC","36.12200","-87.09889",NA,NA
"97","03431060","Whitsett Park","USGS",2022-06-18 08:00:00,NA,NA,NA,0,31.9,2.67,NA,NA,"UTC","36.08160","-86.68073",NA,NA
"98","03431060","Mill Creek Greenway","USGS",2022-06-18 08:00:00,NA,NA,NA,0,31.9,2.67,NA,NA,"UTC","36.11757","-86.71905",NA,NA
"99","03431700","Richland Creek","USGS",2022-06-18 08:45:00,NA,NA,NA,0,5.62,0.63,NA,NA,"UTC","36.15122","-86.85427",11.3,"Safe"
"100","03431700","Jackson Blvd","USGS",2022-06-18 08:45:00,NA,NA,NA,0,5.62,0.63,NA,NA,"UTC","36.10167","-86.86806",NA,NA
"101","0343233905","Lewisburg Pike","USGS",2022-06-18 09:00:00,26,8,NA,0,13.3,1.89,460,5.5,"UTC","35.89984","-86.84289",52.6,"Safe"
"102","03433500","Moran Rd. Bridge","USGS",2022-06-18 08:30:00,NA,NA,NA,0,91.9,1.45,NA,NA,"UTC","36.01722","-86.89972",NA,NA
"103","03433500","Hwy 100 Boat Launch","USGS",2022-06-18 08:30:00,NA,NA,NA,0,91.9,1.45,NA,NA,"UTC","36.05456","-86.92851",-5.87,"Safe"
"104","03434500","Hwy 70","USGS",2022-06-18 08:00:00,NA,NA,NA,0,274,1.66,NA,NA,"UTC","36.12200","-87.09889",NA,NA
"105","03431060","Whitsett Park","USGS",2022-06-18 09:00:00,NA,NA,NA,0,30,2.65,NA,NA,"UTC","36.08160","-86.68073",NA,NA
"106","03431060","Mill Creek Greenway","USGS",2022-06-18 09:00:00,NA,NA,NA,0,30,2.65,NA,NA,"UTC","36.11757","-86.71905",NA,NA
"107","03431700","Richland Creek","USGS",2022-06-18 09:45:00,NA,NA,NA,0,5.62,0.63,NA,NA,"UTC","36.15122","-86.85427",46.1,"Safe"
"108","03431700","Jackson Blvd","USGS",2022-06-18 09:45:00,NA,NA,NA,0,5.62,0.63,NA,NA,"UTC","36.10167","-86.86806",NA,NA
"109","0343233905","Lewisburg Pike","USGS",2022-06-18 09:45:00,25.9,8,NA,0,13.3,1.89,460,5.3,"UTC","35.89984","-86.84289",52.6,"Safe"
"110","03433500","Moran Rd. Bridge","USGS",2022-06-18 09:30:00,NA,NA,NA,0,89.2,1.44,NA,NA,"UTC","36.01722","-86.89972",NA,NA
"111","03433500","Hwy 100 Boat Launch","USGS",2022-06-18 09:30:00,NA,NA,NA,0,89.2,1.44,NA,NA,"UTC","36.05456","-86.92851",-9.69,"Safe"
"112","03434500","Hwy 70","USGS",2022-06-18 09:00:00,NA,NA,NA,0,293,1.72,NA,NA,"UTC","36.12200","-87.09889",NA,NA
"113","03431060","Whitsett Park","USGS",2022-06-18 10:00:00,NA,NA,NA,0,28.2,2.63,NA,NA,"UTC","36.08160","-86.68073",NA,NA
"114","03431060","Mill Creek Greenway","USGS",2022-06-18 10:00:00,NA,NA,NA,0,28.2,2.63,NA,NA,"UTC","36.11757","-86.71905",NA,NA
"115","03431700","Richland Creek","USGS",2022-06-18 10:45:00,NA,NA,NA,0,5.62,0.63,NA,NA,"UTC","36.15122","-86.85427",11.3,"Safe"
"116","03431700","Jackson Blvd","USGS",2022-06-18 10:45:00,NA,NA,NA,0,5.62,0.63,NA,NA,"UTC","36.10167","-86.86806",NA,NA
"117","0343233905","Lewisburg Pike","USGS",2022-06-18 10:45:00,25.7,8,NA,0,13.3,1.89,460,5.4,"UTC","35.89984","-86.84289",52.6,"Safe"
"118","03433500","Moran Rd. Bridge","USGS",2022-06-18 10:30:00,NA,NA,NA,0,89.2,1.44,NA,NA,"UTC","36.01722","-86.89972",NA,NA
"119","03433500","Hwy 100 Boat Launch","USGS",2022-06-18 10:30:00,NA,NA,NA,0,89.2,1.44,NA,NA,"UTC","36.05456","-86.92851",-9.69,"Safe"
"120","03434500","Hwy 70","USGS",2022-06-18 10:00:00,NA,NA,NA,0,296,1.73,NA,NA,"UTC","36.12200","-87.09889",NA,NA
"121","03431060","Whitsett Park","USGS",2022-06-18 11:00:00,NA,NA,NA,0,27.3,2.62,NA,NA,"UTC","36.08160","-86.68073",NA,NA
"122","03431060","Mill Creek Greenway","USGS",2022-06-18 11:00:00,NA,NA,NA,0,27.3,2.62,NA,NA,"UTC","36.11757","-86.71905",NA,NA
"123","03431700","Richland Creek","USGS",2022-06-18 11:45:00,NA,NA,NA,0,5.62,0.63,NA,NA,"UTC","36.15122","-86.85427",117,"Safe"
"124","03431700","Jackson Blvd","USGS",2022-06-18 11:45:00,NA,NA,NA,0,5.62,0.63,NA,NA,"UTC","36.10167","-86.86806",NA,NA
"125","0343233905","Lewisburg Pike","USGS",2022-06-18 11:45:00,25.5,8,NA,0,12.9,1.88,460,5.7,"UTC","35.89984","-86.84289",50.2,"Safe"
"126","03433500","Moran Rd. Bridge","USGS",2022-06-18 11:30:00,NA,NA,NA,0,86.4,1.43,NA,NA,"UTC","36.01722","-86.89972",NA,NA
"127","03433500","Hwy 100 Boat Launch","USGS",2022-06-18 11:30:00,NA,NA,NA,0,86.4,1.43,NA,NA,"UTC","36.05456","-86.92851",-13.7,"Safe"
"128","03434500","Hwy 70","USGS",2022-06-18 11:00:00,NA,NA,NA,0,296,1.73,NA,NA,"UTC","36.12200","-87.09889",NA,NA
"129","03431060","Whitsett Park","USGS",2022-06-18 13:00:00,NA,NA,NA,0,25.5,2.6,NA,NA,"UTC","36.08160","-86.68073",NA,NA
"130","03431060","Mill Creek Greenway","USGS",2022-06-18 13:00:00,NA,NA,NA,0,25.5,2.6,NA,NA,"UTC","36.11757","-86.71905",NA,NA
"131","03431700","Richland Creek","USGS",2022-06-18 12:45:00,NA,NA,NA,0,5.62,0.63,NA,NA,"UTC","36.15122","-86.85427",191,"Caution"
"132","03431700","Jackson Blvd","USGS",2022-06-18 12:45:00,NA,NA,NA,0,5.62,0.63,NA,NA,"UTC","36.10167","-86.86806",NA,NA
"133","0343233905","Lewisburg Pike","USGS",2022-06-18 13:00:00,25.5,8,NA,0,12.9,1.88,460,5.7,"UTC","35.89984","-86.84289",50.2,"Safe"
"134","03433500","Moran Rd. Bridge","USGS",2022-06-18 12:30:00,NA,NA,NA,0,89.2,1.44,NA,NA,"UTC","36.01722","-86.89972",NA,NA
"135","03433500","Hwy 100 Boat Launch","USGS",2022-06-18 12:30:00,NA,NA,NA,0,89.2,1.44,NA,NA,"UTC","36.05456","-86.92851",-9.69,"Safe"
"136","03434500","Hwy 70","USGS",2022-06-18 12:00:00,NA,NA,NA,0,289,1.71,NA,NA,"UTC","36.12200","-87.09889",NA,NA
"137","03431060","Whitsett Park","USGS",2022-06-18 13:00:00,NA,NA,NA,0,25.5,2.6,NA,NA,"UTC","36.08160","-86.68073",NA,NA
"138","03431060","Mill Creek Greenway","USGS",2022-06-18 13:00:00,NA,NA,NA,0,25.5,2.6,NA,NA,"UTC","36.11757","-86.71905",NA,NA
"139","03431700","Richland Creek","USGS",2022-06-18 13:45:00,NA,NA,NA,0,5.23,0.62,NA,NA,"UTC","36.15122","-86.85427",343,"Warning"
"140","03431700","Jackson Blvd","USGS",2022-06-18 13:45:00,NA,NA,NA,0,5.23,0.62,NA,NA,"UTC","36.10167","-86.86806",NA,NA
"141","0343233905","Lewisburg Pike","USGS",2022-06-18 14:00:00,25.6,8,NA,0,12.9,1.88,460,5.8,"UTC","35.89984","-86.84289",50.2,"Safe"
"142","03433500","Moran Rd. Bridge","USGS",2022-06-18 13:30:00,NA,NA,NA,0,89.2,1.44,NA,NA,"UTC","36.01722","-86.89972",NA,NA
"143","03433500","Hwy 100 Boat Launch","USGS",2022-06-18 13:30:00,NA,NA,NA,0,89.2,1.44,NA,NA,"UTC","36.05456","-86.92851",-9.69,"Safe"
"144","03434500","Hwy 70","USGS",2022-06-18 13:00:00,NA,NA,NA,0,289,1.71,NA,NA,"UTC","36.12200","-87.09889",NA,NA
"145","03431060","Whitsett Park","USGS",2022-06-18 14:00:00,NA,NA,NA,0,24.6,2.59,NA,NA,"UTC","36.08160","-86.68073",NA,NA
"146","03431060","Mill Creek Greenway","USGS",2022-06-18 14:00:00,NA,NA,NA,0,24.6,2.59,NA,NA,"UTC","36.11757","-86.71905",NA,NA
"147","03431700","Richland Creek","USGS",2022-06-18 14:45:00,NA,NA,NA,0,4.86,0.61,NA,NA,"UTC","36.15122","-86.85427",463,"Warning"
"148","03431700","Jackson Blvd","USGS",2022-06-18 14:45:00,NA,NA,NA,0,4.86,0.61,NA,NA,"UTC","36.10167","-86.86806",NA,NA
"149","0343233905","Lewisburg Pike","USGS",2022-06-18 15:00:00,25.6,8,NA,0,12.9,1.88,460,6.2,"UTC","35.89984","-86.84289",50.2,"Safe"
"150","03433500","Moran Rd. Bridge","USGS",2022-06-18 14:30:00,NA,NA,NA,0,83.7,1.42,NA,NA,"UTC","36.01722","-86.89972",NA,NA
"151","03433500","Hwy 100 Boat Launch","USGS",2022-06-18 14:30:00,NA,NA,NA,0,83.7,1.42,NA,NA,"UTC","36.05456","-86.92851",-17.5,"Safe"
"152","03434500","Hwy 70","USGS",2022-06-18 14:00:00,NA,NA,NA,0,277,1.67,NA,NA,"UTC","36.12200","-87.09889",NA,NA
"153","03431060","Whitsett Park","USGS",2022-06-18 15:00:00,NA,NA,NA,0,23.8,2.58,NA,NA,"UTC","36.08160","-86.68073",NA,NA
"154","03431060","Mill Creek Greenway","USGS",2022-06-18 15:00:00,NA,NA,NA,0,23.8,2.58,NA,NA,"UTC","36.11757","-86.71905",NA,NA
"155","03431700","Richland Creek","USGS",2022-06-18 15:45:00,NA,NA,NA,0,4.86,0.61,NA,NA,"UTC","36.15122","-86.85427",503,"Warning"
"156","03431700","Jackson Blvd","USGS",2022-06-18 15:45:00,NA,NA,NA,0,4.86,0.61,NA,NA,"UTC","36.10167","-86.86806",NA,NA
"157","0343233905","Lewisburg Pike","USGS",2022-06-18 16:00:00,25.9,8.1,NA,0,12.9,1.88,460,6.5,"UTC","35.89984","-86.84289",50.2,"Safe"
"158","03433500","Moran Rd. Bridge","USGS",2022-06-18 15:30:00,NA,NA,NA,0,86.4,1.43,NA,NA,"UTC","36.01722","-86.89972",NA,NA
"159","03433500","Hwy 100 Boat Launch","USGS",2022-06-18 15:30:00,NA,NA,NA,0,86.4,1.43,NA,NA,"UTC","36.05456","-86.92851",-13.7,"Safe"
"160","03434500","Hwy 70","USGS",2022-06-18 15:00:00,NA,NA,NA,0,264,1.63,NA,NA,"UTC","36.12200","-87.09889",NA,NA
"161","03431060","Whitsett Park","USGS",2022-06-18 17:00:00,NA,NA,NA,0,23.8,2.58,NA,NA,"UTC","36.08160","-86.68073",NA,NA
"162","03431060","Mill Creek Greenway","USGS",2022-06-18 17:00:00,NA,NA,NA,0,23.8,2.58,NA,NA,"UTC","36.11757","-86.71905",NA,NA
"163","03431700","Richland Creek","USGS",2022-06-18 16:45:00,NA,NA,NA,0,4.86,0.61,NA,NA,"UTC","36.15122","-86.85427",545,"Warning"
"164","03431700","Jackson Blvd","USGS",2022-06-18 16:45:00,NA,NA,NA,0,4.86,0.61,NA,NA,"UTC","36.10167","-86.86806",NA,NA
"165","0343233905","Lewisburg Pike","USGS",2022-06-18 17:00:00,26.5,8.1,NA,0,13.3,1.89,460,7.1,"UTC","35.89984","-86.84289",52.6,"Safe"
"166","03433500","Moran Rd. Bridge","USGS",2022-06-18 16:30:00,NA,NA,NA,0,81.1,1.41,NA,NA,"UTC","36.01722","-86.89972",NA,NA
"167","03433500","Hwy 100 Boat Launch","USGS",2022-06-18 16:30:00,NA,NA,NA,0,81.1,1.41,NA,NA,"UTC","36.05456","-86.92851",-21.2,"Safe"
"168","03434500","Hwy 70","USGS",2022-06-18 16:00:00,NA,NA,NA,0,261,1.62,NA,NA,"UTC","36.12200","-87.09889",NA,NA
"169","03431060","Whitsett Park","USGS",2022-06-18 17:00:00,NA,NA,NA,0,23.8,2.58,NA,NA,"UTC","36.08160","-86.68073",NA,NA
"170","03431060","Mill Creek Greenway","USGS",2022-06-18 17:00:00,NA,NA,NA,0,23.8,2.58,NA,NA,"UTC","36.11757","-86.71905",NA,NA
"171","03431700","Richland Creek","USGS",2022-06-18 17:45:00,NA,NA,NA,0,4.48,0.6,NA,NA,"UTC","36.15122","-86.85427",545,"Warning"
"172","03431700","Jackson Blvd","USGS",2022-06-18 17:45:00,NA,NA,NA,0,4.48,0.6,NA,NA,"UTC","36.10167","-86.86806",NA,NA
"173","0343233905","Lewisburg Pike","USGS",2022-06-18 18:00:00,27.4,8.1,NA,0,13.3,1.89,460,7.7,"UTC","35.89984","-86.84289",52.6,"Safe"
"174","03433500","Moran Rd. Bridge","USGS",2022-06-18 17:30:00,NA,NA,NA,0,83.7,1.42,NA,NA,"UTC","36.01722","-86.89972",NA,NA
"175","03433500","Hwy 100 Boat Launch","USGS",2022-06-18 17:30:00,NA,NA,NA,0,83.7,1.42,NA,NA,"UTC","36.05456","-86.92851",-17.5,"Safe"
"176","03434500","Hwy 70","USGS",2022-06-18 17:00:00,NA,NA,NA,0,261,1.62,NA,NA,"UTC","36.12200","-87.09889",NA,NA
"177","03431060","Whitsett Park","USGS",2022-06-18 18:00:00,NA,NA,NA,0,23.8,2.58,NA,NA,"UTC","36.08160","-86.68073",NA,NA
"178","03431060","Mill Creek Greenway","USGS",2022-06-18 18:00:00,NA,NA,NA,0,23.8,2.58,NA,NA,"UTC","36.11757","-86.71905",NA,NA
"179","03431700","Richland Creek","USGS",2022-06-18 18:45:00,NA,NA,NA,0,4.48,0.6,NA,NA,"UTC","36.15122","-86.85427",586,"Warning"
"180","03431700","Jackson Blvd","USGS",2022-06-18 18:45:00,NA,NA,NA,0,4.48,0.6,NA,NA,"UTC","36.10167","-86.86806",NA,NA
"181","0343233905","Lewisburg Pike","USGS",2022-06-18 19:00:00,28.1,8.2,NA,0,13.3,1.89,460,8.2,"UTC","35.89984","-86.84289",52.6,"Safe"
"182","03433500","Moran Rd. Bridge","USGS",2022-06-18 18:30:00,NA,NA,NA,0,86.4,1.43,NA,NA,"UTC","36.01722","-86.89972",NA,NA
"183","03433500","Hwy 100 Boat Launch","USGS",2022-06-18 18:30:00,NA,NA,NA,0,86.4,1.43,NA,NA,"UTC","36.05456","-86.92851",-13.7,"Safe"
"184","03434500","Hwy 70","USGS",2022-06-18 18:00:00,NA,NA,NA,0,252,1.59,NA,NA,"UTC","36.12200","-87.09889",NA,NA
"185","03431060","Whitsett Park","USGS",2022-06-18 19:00:00,NA,NA,NA,0,23,2.57,NA,NA,"UTC","36.08160","-86.68073",NA,NA
"186","03431060","Mill Creek Greenway","USGS",2022-06-18 19:00:00,NA,NA,NA,0,23,2.57,NA,NA,"UTC","36.11757","-86.71905",NA,NA
"187","03431700","Richland Creek","USGS",2022-06-18 19:45:00,NA,NA,NA,0,4.48,0.6,NA,NA,"UTC","36.15122","-86.85427",629,"Warning"
"188","03431700","Jackson Blvd","USGS",2022-06-18 19:45:00,NA,NA,NA,0,4.48,0.6,NA,NA,"UTC","36.10167","-86.86806",NA,NA
"189","0343233905","Lewisburg Pike","USGS",2022-06-18 20:00:00,28.4,8.2,NA,0,13.3,1.89,460,8.2,"UTC","35.89984","-86.84289",52.6,"Safe"
"190","03433500","Moran Rd. Bridge","USGS",2022-06-18 19:30:00,NA,NA,NA,0,86.4,1.43,NA,NA,"UTC","36.01722","-86.89972",NA,NA
"191","03433500","Hwy 100 Boat Launch","USGS",2022-06-18 19:30:00,NA,NA,NA,0,86.4,1.43,NA,NA,"UTC","36.05456","-86.92851",-13.7,"Safe"
"192","03434500","Hwy 70","USGS",2022-06-18 19:00:00,NA,NA,NA,0,252,1.59,NA,NA,"UTC","36.12200","-87.09889",NA,NA
"193","03431060","Whitsett Park","USGS",2022-06-18 20:00:00,NA,NA,NA,0,23,2.57,NA,NA,"UTC","36.08160","-86.68073",NA,NA
"194","03431060","Mill Creek Greenway","USGS",2022-06-18 20:00:00,NA,NA,NA,0,23,2.57,NA,NA,"UTC","36.11757","-86.71905",NA,NA
"195","03431700","Richland Creek","USGS",2022-06-18 20:45:00,NA,NA,NA,0,4.12,0.59,NA,NA,"UTC","36.15122","-86.85427",629,"Warning"
"196","03431700","Jackson Blvd","USGS",2022-06-18 20:45:00,NA,NA,NA,0,4.12,0.59,NA,NA,"UTC","36.10167","-86.86806",NA,NA
"197","0343233905","Lewisburg Pike","USGS",2022-06-18 21:00:00,28.4,8.2,NA,0,13.3,1.89,460,8,"UTC","35.89984","-86.84289",52.6,"Safe"
"198","03433500","Moran Rd. Bridge","USGS",2022-06-18 20:30:00,NA,NA,NA,0,86.4,1.43,NA,NA,"UTC","36.01722","-86.89972",NA,NA
"199","03433500","Hwy 100 Boat Launch","USGS",2022-06-18 20:30:00,NA,NA,NA,0,86.4,1.43,NA,NA,"UTC","36.05456","-86.92851",-13.7,"Safe"
"200","03434500","Hwy 70","USGS",2022-06-18 20:00:00,NA,NA,NA,0,243,1.56,NA,NA,"UTC","36.12200","-87.09889",NA,NA
"201","03431060","Whitsett Park","USGS",2022-06-18 21:00:00,NA,NA,NA,0,23,2.57,NA,NA,"UTC","36.08160","-86.68073",NA,NA
"202","03431060","Mill Creek Greenway","USGS",2022-06-18 21:00:00,NA,NA,NA,0,23,2.57,NA,NA,"UTC","36.11757","-86.71905",NA,NA
"203","03431700","Richland Creek","USGS",2022-06-18 21:45:00,NA,NA,NA,0,4.12,0.59,NA,NA,"UTC","36.15122","-86.85427",629,"Warning"
"204","03431700","Jackson Blvd","USGS",2022-06-18 21:45:00,NA,NA,NA,0,4.12,0.59,NA,NA,"UTC","36.10167","-86.86806",NA,NA
"205","0343233905","Lewisburg Pike","USGS",2022-06-18 21:45:00,28,8.2,NA,0,12.9,1.88,460,7.7,"UTC","35.89984","-86.84289",50.2,"Safe"
"206","03433500","Moran Rd. Bridge","USGS",2022-06-18 21:30:00,NA,NA,NA,0,86.4,1.43,NA,NA,"UTC","36.01722","-86.89972",NA,NA
"207","03433500","Hwy 100 Boat Launch","USGS",2022-06-18 21:30:00,NA,NA,NA,0,86.4,1.43,NA,NA,"UTC","36.05456","-86.92851",-13.7,"Safe"
"208","03434500","Hwy 70","USGS",2022-06-18 21:00:00,NA,NA,NA,0,240,1.55,NA,NA,"UTC","36.12200","-87.09889",NA,NA
"209","03431060","Whitsett Park","USGS",2022-06-18 22:00:00,NA,NA,NA,0,22.2,2.56,NA,NA,"UTC","36.08160","-86.68073",NA,NA
"210","03431060","Mill Creek Greenway","USGS",2022-06-18 22:00:00,NA,NA,NA,0,22.2,2.56,NA,NA,"UTC","36.11757","-86.71905",NA,NA
"211","03431700","Richland Creek","USGS",2022-06-18 22:45:00,NA,NA,NA,0,4.12,0.59,NA,NA,"UTC","36.15122","-86.85427",586,"Warning"
"212","03431700","Jackson Blvd","USGS",2022-06-18 22:45:00,NA,NA,NA,0,4.12,0.59,NA,NA,"UTC","36.10167","-86.86806",NA,NA
"213","0343233905","Lewisburg Pike","USGS",2022-06-18 22:45:00,27.3,8.1,NA,0,12.9,1.88,460,7.2,"UTC","35.89984","-86.84289",50.2,"Safe"
"214","03433500","Moran Rd. Bridge","USGS",2022-06-18 22:30:00,NA,NA,NA,0,86.4,1.43,NA,NA,"UTC","36.01722","-86.89972",NA,NA
"215","03433500","Hwy 100 Boat Launch","USGS",2022-06-18 22:30:00,NA,NA,NA,0,86.4,1.43,NA,NA,"UTC","36.05456","-86.92851",-13.7,"Safe"
"216","03434500","Hwy 70","USGS",2022-06-18 22:00:00,NA,NA,NA,0,234,1.53,NA,NA,"UTC","36.12200","-87.09889",NA,NA
"217","03431060","Whitsett Park","USGS",2022-06-19 02:00:00,NA,NA,NA,0,20.7,2.54,NA,NA,"UTC","36.08160","-86.68073",NA,NA
"218","03431060","Mill Creek Greenway","USGS",2022-06-19 02:00:00,NA,NA,NA,0,20.7,2.54,NA,NA,"UTC","36.11757","-86.71905",NA,NA
"219","03431700","Richland Creek","USGS",2022-06-19 02:45:00,NA,NA,NA,0,3.78,0.58,NA,NA,"UTC","36.15122","-86.85427",11.3,"Safe"
"220","03431700","Jackson Blvd","USGS",2022-06-19 02:45:00,NA,NA,NA,0,3.78,0.58,NA,NA,"UTC","36.10167","-86.86806",NA,NA
"221","0343233905","Lewisburg Pike","USGS",2022-06-19 03:00:00,26.2,8.1,NA,0,12.5,1.87,460,6.2,"UTC","35.89984","-86.84289",47.9,"Safe"
"222","03433500","Moran Rd. Bridge","USGS",2022-06-19 02:30:00,NA,NA,NA,0,86.4,1.43,NA,NA,"UTC","36.01722","-86.89972",NA,NA
"223","03433500","Hwy 100 Boat Launch","USGS",2022-06-19 02:30:00,NA,NA,NA,0,86.4,1.43,NA,NA,"UTC","36.05456","-86.92851",-13.7,"Safe"
"224","03434500","Hwy 70","USGS",2022-06-19 02:00:00,NA,NA,NA,0,228,1.51,NA,NA,"UTC","36.12200","-87.09889",NA,NA
"225","03431060","Whitsett Park","USGS",2022-06-19 04:00:00,NA,NA,NA,0,19.9,2.53,NA,NA,"UTC","36.08160","-86.68073",NA,NA
"226","03431060","Mill Creek Greenway","USGS",2022-06-19 04:00:00,NA,NA,NA,0,19.9,2.53,NA,NA,"UTC","36.11757","-86.71905",NA,NA
"227","03431700","Richland Creek","USGS",2022-06-19 03:45:00,NA,NA,NA,0,3.78,0.58,NA,NA,"UTC","36.15122","-86.85427",-156,"Safe"
"228","03431700","Jackson Blvd","USGS",2022-06-19 03:45:00,NA,NA,NA,0,3.78,0.58,NA,NA,"UTC","36.10167","-86.86806",NA,NA
"229","0343233905","Lewisburg Pike","USGS",2022-06-19 04:30:00,25.8,8.1,NA,0,12.5,1.87,460,5.9,"UTC","35.89984","-86.84289",47.9,"Safe"
"230","03433500","Moran Rd. Bridge","USGS",2022-06-19 03:30:00,NA,NA,NA,0,83.7,1.42,NA,NA,"UTC","36.01722","-86.89972",NA,NA
"231","03433500","Hwy 100 Boat Launch","USGS",2022-06-19 03:30:00,NA,NA,NA,0,83.7,1.42,NA,NA,"UTC","36.05456","-86.92851",-17.5,"Safe"
"232","03434500","Hwy 70","USGS",2022-06-19 04:00:00,NA,NA,NA,0,225,1.5,NA,NA,"UTC","36.12200","-87.09889",NA,NA
"233","03431060","Whitsett Park","USGS",2022-06-19 05:00:00,NA,NA,NA,0,19.2,2.52,NA,NA,"UTC","36.08160","-86.68073",NA,NA
"234","03431060","Mill Creek Greenway","USGS",2022-06-19 05:00:00,NA,NA,NA,0,19.2,2.52,NA,NA,"UTC","36.11757","-86.71905",NA,NA
"235","03431700","Richland Creek","USGS",2022-06-19 04:45:00,NA,NA,NA,0,3.47,0.57,NA,NA,"UTC","36.15122","-86.85427",-90.4,"Safe"
"236","03431700","Jackson Blvd","USGS",2022-06-19 04:45:00,NA,NA,NA,0,3.47,0.57,NA,NA,"UTC","36.10167","-86.86806",NA,NA
"237","0343233905","Lewisburg Pike","USGS",2022-06-19 05:15:00,25.6,8.1,NA,0,12.5,1.87,460,6.1,"UTC","35.89984","-86.84289",47.9,"Safe"
"238","03433500","Moran Rd. Bridge","USGS",2022-06-19 04:30:00,NA,NA,NA,0,83.7,1.42,NA,NA,"UTC","36.01722","-86.89972",NA,NA
"239","03433500","Hwy 100 Boat Launch","USGS",2022-06-19 04:30:00,NA,NA,NA,0,83.7,1.42,NA,NA,"UTC","36.05456","-86.92851",-17.5,"Safe"
"240","03434500","Hwy 70","USGS",2022-06-19 04:00:00,NA,NA,NA,0,225,1.5,NA,NA,"UTC","36.12200","-87.09889",NA,NA
"241","03431060","Whitsett Park","USGS",2022-06-19 05:00:00,NA,NA,NA,0,19.2,2.52,NA,NA,"UTC","36.08160","-86.68073",NA,NA
"242","03431060","Mill Creek Greenway","USGS",2022-06-19 05:00:00,NA,NA,NA,0,19.2,2.52,NA,NA,"UTC","36.11757","-86.71905",NA,NA
"243","03431700","Richland Creek","USGS",2022-06-19 05:45:00,NA,NA,NA,0,3.47,0.57,NA,NA,"UTC","36.15122","-86.85427",-188,"Safe"
"244","03431700","Jackson Blvd","USGS",2022-06-19 05:45:00,NA,NA,NA,0,3.47,0.57,NA,NA,"UTC","36.10167","-86.86806",NA,NA
"245","0343233905","Lewisburg Pike","USGS",2022-06-19 05:45:00,25.4,8.1,NA,0,12.5,1.87,460,6,"UTC","35.89984","-86.84289",47.9,"Safe"
"246","03433500","Moran Rd. Bridge","USGS",2022-06-19 05:30:00,NA,NA,NA,0,81.1,1.41,NA,NA,"UTC","36.01722","-86.89972",NA,NA
"247","03433500","Hwy 100 Boat Launch","USGS",2022-06-19 05:30:00,NA,NA,NA,0,81.1,1.41,NA,NA,"UTC","36.05456","-86.92851",-21.2,"Safe"
"248","03434500","Hwy 70","USGS",2022-06-19 05:00:00,NA,NA,NA,0,222,1.49,NA,NA,"UTC","36.12200","-87.09889",NA,NA
"249","03431060","Whitsett Park","USGS",2022-06-19 06:00:00,NA,NA,NA,0,18.5,2.51,NA,NA,"UTC","36.08160","-86.68073",NA,NA
"250","03431060","Mill Creek Greenway","USGS",2022-06-19 06:00:00,NA,NA,NA,0,18.5,2.51,NA,NA,"UTC","36.11757","-86.71905",NA,NA
"251","03431700","Richland Creek","USGS",2022-06-19 06:45:00,NA,NA,NA,0,3.47,0.57,NA,NA,"UTC","36.15122","-86.85427",-188,"Safe"
"252","03431700","Jackson Blvd","USGS",2022-06-19 06:45:00,NA,NA,NA,0,3.47,0.57,NA,NA,"UTC","36.10167","-86.86806",NA,NA
"253","0343233905","Lewisburg Pike","USGS",2022-06-19 06:45:00,25.1,8.1,NA,0,12.5,1.87,460,5.8,"UTC","35.89984","-86.84289",47.9,"Safe"
"254","03433500","Moran Rd. Bridge","USGS",2022-06-19 06:30:00,NA,NA,NA,0,81.1,1.41,NA,NA,"UTC","36.01722","-86.89972",NA,NA
"255","03433500","Hwy 100 Boat Launch","USGS",2022-06-19 06:30:00,NA,NA,NA,0,81.1,1.41,NA,NA,"UTC","36.05456","-86.92851",-21.2,"Safe"
"256","03434500","Hwy 70","USGS",2022-06-19 06:00:00,NA,NA,NA,0,219,1.48,NA,NA,"UTC","36.12200","-87.09889",NA,NA
"257","03431060","Whitsett Park","USGS",2022-06-19 07:00:00,NA,NA,NA,0,17.9,2.5,NA,NA,"UTC","36.08160","-86.68073",NA,NA
"258","03431060","Mill Creek Greenway","USGS",2022-06-19 07:00:00,NA,NA,NA,0,17.9,2.5,NA,NA,"UTC","36.11757","-86.71905",NA,NA
"259","03431700","Richland Creek","USGS",2022-06-19 07:45:00,NA,NA,NA,0,3.47,0.57,NA,NA,"UTC","36.15122","-86.85427",-280,"Safe"
"260","03431700","Jackson Blvd","USGS",2022-06-19 07:45:00,NA,NA,NA,0,3.47,0.57,NA,NA,"UTC","36.10167","-86.86806",NA,NA
"261","0343233905","Lewisburg Pike","USGS",2022-06-19 07:45:00,24.8,8.1,NA,0,12.1,1.86,460,5.7,"UTC","35.89984","-86.84289",45.6,"Safe"
"262","03433500","Moran Rd. Bridge","USGS",2022-06-19 07:30:00,NA,NA,NA,0,78.5,1.4,NA,NA,"UTC","36.01722","-86.89972",NA,NA
"263","03433500","Hwy 100 Boat Launch","USGS",2022-06-19 07:30:00,NA,NA,NA,0,78.5,1.4,NA,NA,"UTC","36.05456","-86.92851",-24.8,"Safe"
"264","03434500","Hwy 70","USGS",2022-06-19 07:00:00,NA,NA,NA,0,216,1.47,NA,NA,"UTC","36.12200","-87.09889",NA,NA
"265","03431060","Whitsett Park","USGS",2022-06-19 09:00:00,NA,NA,NA,0,17.2,2.49,NA,NA,"UTC","36.08160","-86.68073",NA,NA
"266","03431060","Mill Creek Greenway","USGS",2022-06-19 09:00:00,NA,NA,NA,0,17.2,2.49,NA,NA,"UTC","36.11757","-86.71905",NA,NA
"267","03431700","Richland Creek","USGS",2022-06-19 08:45:00,NA,NA,NA,0,3.47,0.57,NA,NA,"UTC","36.15122","-86.85427",-340,"Safe"
"268","03431700","Jackson Blvd","USGS",2022-06-19 08:45:00,NA,NA,NA,0,3.47,0.57,NA,NA,"UTC","36.10167","-86.86806",NA,NA
"269","0343233905","Lewisburg Pike","USGS",2022-06-19 09:00:00,24.4,8.1,NA,0,12.1,1.86,460,5.8,"UTC","35.89984","-86.84289",45.6,"Safe"
"270","03433500","Moran Rd. Bridge","USGS",2022-06-19 08:30:00,NA,NA,NA,0,78.5,1.4,NA,NA,"UTC","36.01722","-86.89972",NA,NA
"271","03433500","Hwy 100 Boat Launch","USGS",2022-06-19 08:30:00,NA,NA,NA,0,78.5,1.4,NA,NA,"UTC","36.05456","-86.92851",-24.8,"Safe"
"272","03434500","Hwy 70","USGS",2022-06-19 08:00:00,NA,NA,NA,0,222,1.49,NA,NA,"UTC","36.12200","-87.09889",NA,NA
"273","03431060","Whitsett Park","USGS",2022-06-19 09:00:00,NA,NA,NA,0,17.2,2.49,NA,NA,"UTC","36.08160","-86.68073",NA,NA
"274","03431060","Mill Creek Greenway","USGS",2022-06-19 09:00:00,NA,NA,NA,0,17.2,2.49,NA,NA,"UTC","36.11757","-86.71905",NA,NA
"275","03431700","Richland Creek","USGS",2022-06-19 09:45:00,NA,NA,NA,0,3.47,0.57,NA,NA,"UTC","36.15122","-86.85427",-369,"Safe"
"276","03431700","Jackson Blvd","USGS",2022-06-19 09:45:00,NA,NA,NA,0,3.47,0.57,NA,NA,"UTC","36.10167","-86.86806",NA,NA
"277","0343233905","Lewisburg Pike","USGS",2022-06-19 09:45:00,24.1,8,NA,0,12.1,1.86,460,5.8,"UTC","35.89984","-86.84289",45.6,"Safe"
"278","03433500","Moran Rd. Bridge","USGS",2022-06-19 09:30:00,NA,NA,NA,0,76,1.39,NA,NA,"UTC","36.01722","-86.89972",NA,NA
"279","03433500","Hwy 100 Boat Launch","USGS",2022-06-19 09:30:00,NA,NA,NA,0,76,1.39,NA,NA,"UTC","36.05456","-86.92851",-28.4,"Safe"
"280","03434500","Hwy 70","USGS",2022-06-19 09:00:00,NA,NA,NA,0,216,1.47,NA,NA,"UTC","36.12200","-87.09889",NA,NA
"281","03431060","Whitsett Park","USGS",2022-06-19 10:00:00,NA,NA,NA,0,17.2,2.49,NA,NA,"UTC","36.08160","-86.68073",NA,NA
"282","03431060","Mill Creek Greenway","USGS",2022-06-19 10:00:00,NA,NA,NA,0,17.2,2.49,NA,NA,"UTC","36.11757","-86.71905",NA,NA
"283","03431700","Richland Creek","USGS",2022-06-19 10:45:00,NA,NA,NA,0,3.47,0.57,NA,NA,"UTC","36.15122","-86.85427",-369,"Safe"
"284","03431700","Jackson Blvd","USGS",2022-06-19 10:45:00,NA,NA,NA,0,3.47,0.57,NA,NA,"UTC","36.10167","-86.86806",NA,NA
"285","0343233905","Lewisburg Pike","USGS",2022-06-19 11:00:00,23.7,8.1,NA,0,12.1,1.86,460,5.9,"UTC","35.89984","-86.84289",45.6,"Safe"
"286","03433500","Moran Rd. Bridge","USGS",2022-06-19 10:30:00,NA,NA,NA,0,76,1.39,NA,NA,"UTC","36.01722","-86.89972",NA,NA
"287","03433500","Hwy 100 Boat Launch","USGS",2022-06-19 10:30:00,NA,NA,NA,0,76,1.39,NA,NA,"UTC","36.05456","-86.92851",-28.4,"Safe"
"288","03434500","Hwy 70","USGS",2022-06-19 10:00:00,NA,NA,NA,0,210,1.45,NA,NA,"UTC","36.12200","-87.09889",NA,NA
"289","03431060","Whitsett Park","USGS",2022-06-19 11:00:00,NA,NA,NA,0,16.6,2.48,NA,NA,"UTC","36.08160","-86.68073",NA,NA
"290","03431060","Mill Creek Greenway","USGS",2022-06-19 11:00:00,NA,NA,NA,0,16.6,2.48,NA,NA,"UTC","36.11757","-86.71905",NA,NA
"291","03431700","Richland Creek","USGS",2022-06-19 11:45:00,NA,NA,NA,0,NA,0.57,NA,NA,"UTC","36.15122","-86.85427",-250,"Safe"
"292","03431700","Jackson Blvd","USGS",2022-06-19 11:45:00,NA,NA,NA,0,NA,0.57,NA,NA,"UTC","36.10167","-86.86806",NA,NA
"293","0343233905","Lewisburg Pike","USGS",2022-06-19 11:45:00,23.5,8.1,NA,0,12.1,1.86,460,6,"UTC","35.89984","-86.84289",45.6,"Safe"
"294","03433500","Moran Rd. Bridge","USGS",2022-06-19 11:30:00,NA,NA,NA,0,78.5,1.4,NA,NA,"UTC","36.01722","-86.89972",NA,NA
"295","03433500","Hwy 100 Boat Launch","USGS",2022-06-19 11:30:00,NA,NA,NA,0,78.5,1.4,NA,NA,"UTC","36.05456","-86.92851",-24.8,"Safe"
"296","03434500","Hwy 70","USGS",2022-06-19 11:00:00,NA,NA,NA,0,210,1.45,NA,NA,"UTC","36.12200","-87.09889",NA,NA
"297","03431060","Whitsett Park","USGS",2022-06-19 13:00:00,NA,NA,NA,0,16.6,2.48,NA,NA,"UTC","36.08160","-86.68073",NA,NA
"298","03431060","Mill Creek Greenway","USGS",2022-06-19 13:00:00,NA,NA,NA,0,16.6,2.48,NA,NA,"UTC","36.11757","-86.71905",NA,NA
"299","03431700","Richland Creek","USGS",2022-06-19 12:45:00,NA,NA,NA,0,3.47,0.57,NA,NA,"UTC","36.15122","-86.85427",-23.1,"Safe"
"300","03431700","Jackson Blvd","USGS",2022-06-19 12:45:00,NA,NA,NA,0,3.47,0.57,NA,NA,"UTC","36.10167","-86.86806",NA,NA
"301","0343233905","Lewisburg Pike","USGS",2022-06-19 13:00:00,23.4,8.1,NA,0,12.1,1.86,460,6.1,"UTC","35.89984","-86.84289",45.6,"Safe"
"302","03433500","Moran Rd. Bridge","USGS",2022-06-19 12:30:00,NA,NA,NA,0,76,1.39,NA,NA,"UTC","36.01722","-86.89972",NA,NA
"303","03433500","Hwy 100 Boat Launch","USGS",2022-06-19 12:30:00,NA,NA,NA,0,76,1.39,NA,NA,"UTC","36.05456","-86.92851",-28.4,"Safe"
"304","03434500","Hwy 70","USGS",2022-06-19 12:00:00,NA,NA,NA,0,219,1.48,NA,NA,"UTC","36.12200","-87.09889",NA,NA
"305","03431060","Whitsett Park","USGS",2022-06-19 13:00:00,NA,NA,NA,0,16.6,2.48,NA,NA,"UTC","36.08160","-86.68073",NA,NA
"306","03431060","Mill Creek Greenway","USGS",2022-06-19 13:00:00,NA,NA,NA,0,16.6,2.48,NA,NA,"UTC","36.11757","-86.71905",NA,NA
"307","03431700","Richland Creek","USGS",2022-06-19 13:45:00,NA,NA,NA,0,3.47,0.57,NA,NA,"UTC","36.15122","-86.85427",46.1,"Safe"
"308","03431700","Jackson Blvd","USGS",2022-06-19 13:45:00,NA,NA,NA,0,3.47,0.57,NA,NA,"UTC","36.10167","-86.86806",NA,NA
"309","0343233905","Lewisburg Pike","USGS",2022-06-19 13:45:00,23.4,8.1,NA,0,11.8,1.85,460,6.3,"UTC","35.89984","-86.84289",43.9,"Safe"
"310","03433500","Moran Rd. Bridge","USGS",2022-06-19 13:30:00,NA,NA,NA,0,76,1.39,NA,NA,"UTC","36.01722","-86.89972",NA,NA
"311","03433500","Hwy 100 Boat Launch","USGS",2022-06-19 13:30:00,NA,NA,NA,0,76,1.39,NA,NA,"UTC","36.05456","-86.92851",-28.4,"Safe"
"312","03434500","Hwy 70","USGS",2022-06-19 13:00:00,NA,NA,NA,0,213,1.46,NA,NA,"UTC","36.12200","-87.09889",NA,NA
"313","03431060","Whitsett Park","USGS",2022-06-19 14:00:00,NA,NA,NA,0,15.9,2.47,NA,NA,"UTC","36.08160","-86.68073",NA,NA
"314","03431060","Mill Creek Greenway","USGS",2022-06-19 14:00:00,NA,NA,NA,0,15.9,2.47,NA,NA,"UTC","36.11757","-86.71905",NA,NA
"315","03431700","Richland Creek","USGS",2022-06-19 14:45:00,NA,NA,NA,0,3.47,0.57,NA,NA,"UTC","36.15122","-86.85427",191,"Caution"
"316","03431700","Jackson Blvd","USGS",2022-06-19 14:45:00,NA,NA,NA,0,3.47,0.57,NA,NA,"UTC","36.10167","-86.86806",NA,NA
"317","0343233905","Lewisburg Pike","USGS",2022-06-19 15:00:00,23.4,8.1,NA,0,12.1,1.86,460,6.6,"UTC","35.89984","-86.84289",45.6,"Safe"
"318","03433500","Moran Rd. Bridge","USGS",2022-06-19 14:30:00,NA,NA,NA,0,68.6,1.36,NA,NA,"UTC","36.01722","-86.89972",NA,NA
"319","03433500","Hwy 100 Boat Launch","USGS",2022-06-19 14:30:00,NA,NA,NA,0,68.6,1.36,NA,NA,"UTC","36.05456","-86.92851",-38.9,"Safe"
"320","03434500","Hwy 70","USGS",2022-06-19 14:00:00,NA,NA,NA,0,199,1.41,NA,NA,"UTC","36.12200","-87.09889",NA,NA
"321","03431060","Whitsett Park","USGS",2022-06-19 15:00:00,NA,NA,NA,0,15.9,2.47,NA,NA,"UTC","36.08160","-86.68073",NA,NA
"322","03431060","Mill Creek Greenway","USGS",2022-06-19 15:00:00,NA,NA,NA,0,15.9,2.47,NA,NA,"UTC","36.11757","-86.71905",NA,NA
"323","03431700","Richland Creek","USGS",2022-06-19 15:45:00,NA,NA,NA,0,3.47,0.57,NA,NA,"UTC","36.15122","-86.85427",382,"Warning"
"324","03431700","Jackson Blvd","USGS",2022-06-19 15:45:00,NA,NA,NA,0,3.47,0.57,NA,NA,"UTC","36.10167","-86.86806",NA,NA
"325","0343233905","Lewisburg Pike","USGS",2022-06-19 15:45:00,23.6,8.1,NA,0,12.1,1.86,460,6.9,"UTC","35.89984","-86.84289",45.6,"Safe"
"326","03433500","Moran Rd. Bridge","USGS",2022-06-19 15:30:00,NA,NA,NA,0,76,1.39,NA,NA,"UTC","36.01722","-86.89972",NA,NA
"327","03433500","Hwy 100 Boat Launch","USGS",2022-06-19 15:30:00,NA,NA,NA,0,76,1.39,NA,NA,"UTC","36.05456","-86.92851",-28.4,"Safe"
"328","03434500","Hwy 70","USGS",2022-06-19 15:00:00,NA,NA,NA,0,196,1.4,NA,NA,"UTC","36.12200","-87.09889",NA,NA
"329","03431060","Whitsett Park","USGS",2022-06-19 17:00:00,NA,NA,NA,0,15.2,2.46,NA,NA,"UTC","36.08160","-86.68073",NA,NA
"330","03431060","Mill Creek Greenway","USGS",2022-06-19 17:00:00,NA,NA,NA,0,15.2,2.46,NA,NA,"UTC","36.11757","-86.71905",NA,NA
"331","03431700","Richland Creek","USGS",2022-06-19 16:45:00,NA,NA,NA,0,3.47,0.57,NA,NA,"UTC","36.15122","-86.85427",382,"Warning"
"332","03431700","Jackson Blvd","USGS",2022-06-19 16:45:00,NA,NA,NA,0,3.47,0.57,NA,NA,"UTC","36.10167","-86.86806",NA,NA
"333","0343233905","Lewisburg Pike","USGS",2022-06-19 17:00:00,24.4,8.1,NA,0,11.8,1.85,460,7.5,"UTC","35.89984","-86.84289",43.9,"Safe"
"334","03433500","Moran Rd. Bridge","USGS",2022-06-19 16:30:00,NA,NA,NA,0,57.1,1.31,NA,NA,"UTC","36.01722","-86.89972",NA,NA
"335","03433500","Hwy 100 Boat Launch","USGS",2022-06-19 16:30:00,NA,NA,NA,0,57.1,1.31,NA,NA,"UTC","36.05456","-86.92851",-55.1,"Safe"
"336","03434500","Hwy 70","USGS",2022-06-19 16:00:00,NA,NA,NA,0,210,1.45,NA,NA,"UTC","36.12200","-87.09889",NA,NA
"337","03431060","Whitsett Park","USGS",2022-06-19 17:00:00,NA,NA,NA,0,15.2,2.46,NA,NA,"UTC","36.08160","-86.68073",NA,NA
"338","03431060","Mill Creek Greenway","USGS",2022-06-19 17:00:00,NA,NA,NA,0,15.2,2.46,NA,NA,"UTC","36.11757","-86.71905",NA,NA
"339","03431700","Richland Creek","USGS",2022-06-19 17:45:00,NA,NA,NA,0,3.47,0.57,NA,NA,"UTC","36.15122","-86.85427",422,"Warning"
"340","03431700","Jackson Blvd","USGS",2022-06-19 17:45:00,NA,NA,NA,0,3.47,0.57,NA,NA,"UTC","36.10167","-86.86806",NA,NA
"341","0343233905","Lewisburg Pike","USGS",2022-06-19 17:45:00,25.1,8.2,NA,0,11.8,1.85,460,8,"UTC","35.89984","-86.84289",43.9,"Safe"
"342","03433500","Moran Rd. Bridge","USGS",2022-06-19 17:30:00,NA,NA,NA,0,73.4,1.38,NA,NA,"UTC","36.01722","-86.89972",NA,NA
"343","03433500","Hwy 100 Boat Launch","USGS",2022-06-19 17:30:00,NA,NA,NA,0,73.4,1.38,NA,NA,"UTC","36.05456","-86.92851",-32.1,"Safe"
"344","03434500","Hwy 70","USGS",2022-06-19 17:00:00,NA,NA,NA,0,210,1.45,NA,NA,"UTC","36.12200","-87.09889",NA,NA
"345","03431060","Whitsett Park","USGS",2022-06-19 18:00:00,NA,NA,NA,0,15.9,2.47,NA,NA,"UTC","36.08160","-86.68073",NA,NA
"346","03431060","Mill Creek Greenway","USGS",2022-06-19 18:00:00,NA,NA,NA,0,15.9,2.47,NA,NA,"UTC","36.11757","-86.71905",NA,NA
"347","03431700","Richland Creek","USGS",2022-06-19 18:45:00,NA,NA,NA,0,3.47,0.57,NA,NA,"UTC","36.15122","-86.85427",586,"Warning"
"348","03431700","Jackson Blvd","USGS",2022-06-19 18:45:00,NA,NA,NA,0,3.47,0.57,NA,NA,"UTC","36.10167","-86.86806",NA,NA
"349","0343233905","Lewisburg Pike","USGS",2022-06-19 19:00:00,26.2,8.2,NA,0,11.8,1.85,460,8.5,"UTC","35.89984","-86.84289",43.9,"Safe"
"350","03433500","Moran Rd. Bridge","USGS",2022-06-19 18:30:00,NA,NA,NA,0,73.4,1.38,NA,NA,"UTC","36.01722","-86.89972",NA,NA
"351","03433500","Hwy 100 Boat Launch","USGS",2022-06-19 18:30:00,NA,NA,NA,0,73.4,1.38,NA,NA,"UTC","36.05456","-86.92851",-32.1,"Safe"
"352","03434500","Hwy 70","USGS",2022-06-19 18:00:00,NA,NA,NA,0,199,1.41,NA,NA,"UTC","36.12200","-87.09889",NA,NA
"353","03431060","Whitsett Park","USGS",2022-06-19 19:00:00,NA,NA,NA,0,15.2,2.46,NA,NA,"UTC","36.08160","-86.68073",NA,NA
"354","03431060","Mill Creek Greenway","USGS",2022-06-19 19:00:00,NA,NA,NA,0,15.2,2.46,NA,NA,"UTC","36.11757","-86.71905",NA,NA
"355","03431700","Richland Creek","USGS",2022-06-19 19:45:00,NA,NA,NA,0,3.47,0.57,NA,NA,"UTC","36.15122","-86.85427",586,"Warning"
"356","03431700","Jackson Blvd","USGS",2022-06-19 19:45:00,NA,NA,NA,0,3.47,0.57,NA,NA,"UTC","36.10167","-86.86806",NA,NA
"357","0343233905","Lewisburg Pike","USGS",2022-06-19 19:45:00,26.6,8.2,NA,0,11.8,1.85,460,8.6,"UTC","35.89984","-86.84289",43.9,"Safe"
"358","03433500","Moran Rd. Bridge","USGS",2022-06-19 19:30:00,NA,NA,NA,0,73.4,1.38,NA,NA,"UTC","36.01722","-86.89972",NA,NA
"359","03433500","Hwy 100 Boat Launch","USGS",2022-06-19 19:30:00,NA,NA,NA,0,73.4,1.38,NA,NA,"UTC","36.05456","-86.92851",-32.1,"Safe"
"360","03434500","Hwy 70","USGS",2022-06-19 19:00:00,NA,NA,NA,0,210,1.45,NA,NA,"UTC","36.12200","-87.09889",NA,NA
"361","03431060","Whitsett Park","USGS",2022-06-19 20:00:00,NA,NA,NA,0,14.5,2.45,NA,NA,"UTC","36.08160","-86.68073",NA,NA
"362","03431060","Mill Creek Greenway","USGS",2022-06-19 20:00:00,NA,NA,NA,0,14.5,2.45,NA,NA,"UTC","36.11757","-86.71905",NA,NA
"363","03431700","Richland Creek","USGS",2022-06-19 20:45:00,NA,NA,NA,0,3.18,0.56,NA,NA,"UTC","36.15122","-86.85427",586,"Warning"
"364","03431700","Jackson Blvd","USGS",2022-06-19 20:45:00,NA,NA,NA,0,3.18,0.56,NA,NA,"UTC","36.10167","-86.86806",NA,NA
"365","0343233905","Lewisburg Pike","USGS",2022-06-19 21:00:00,26.8,8.2,NA,0,11.8,1.85,460,7.1,"UTC","35.89984","-86.84289",43.9,"Safe"
"366","03433500","Moran Rd. Bridge","USGS",2022-06-19 20:30:00,NA,NA,NA,0,73.4,1.38,NA,NA,"UTC","36.01722","-86.89972",NA,NA
"367","03433500","Hwy 100 Boat Launch","USGS",2022-06-19 20:30:00,NA,NA,NA,0,73.4,1.38,NA,NA,"UTC","36.05456","-86.92851",-32.1,"Safe"
"368","03434500","Hwy 70","USGS",2022-06-19 20:00:00,NA,NA,NA,0,191,1.38,NA,NA,"UTC","36.12200","-87.09889",NA,NA
"369","03431060","Whitsett Park","USGS",2022-06-19 21:00:00,NA,NA,NA,0,14.5,2.45,NA,NA,"UTC","36.08160","-86.68073",NA,NA
"370","03431060","Mill Creek Greenway","USGS",2022-06-19 21:00:00,NA,NA,NA,0,14.5,2.45,NA,NA,"UTC","36.11757","-86.71905",NA,NA
"371","03431700","Richland Creek","USGS",2022-06-19 21:45:00,NA,NA,NA,0,3.47,0.57,NA,NA,"UTC","36.15122","-86.85427",629,"Warning"
"372","03431700","Jackson Blvd","USGS",2022-06-19 21:45:00,NA,NA,NA,0,3.47,0.57,NA,NA,"UTC","36.10167","-86.86806",NA,NA
"373","0343233905","Lewisburg Pike","USGS",2022-06-19 21:45:00,26.4,8.2,NA,0,11.4,1.84,460,8.2,"UTC","35.89984","-86.84289",41.5,"Safe"
"374","03433500","Moran Rd. Bridge","USGS",2022-06-19 21:30:00,NA,NA,NA,0,71,1.37,NA,NA,"UTC","36.01722","-86.89972",NA,NA
"375","03433500","Hwy 100 Boat Launch","USGS",2022-06-19 21:30:00,NA,NA,NA,0,71,1.37,NA,NA,"UTC","36.05456","-86.92851",-35.5,"Safe"
"376","03434500","Hwy 70","USGS",2022-06-19 21:00:00,NA,NA,NA,0,188,1.37,NA,NA,"UTC","36.12200","-87.09889",NA,NA
"377","03431060","Whitsett Park","USGS",2022-06-19 22:00:00,NA,NA,NA,0,14.5,2.45,NA,NA,"UTC","36.08160","-86.68073",NA,NA
"378","03431060","Mill Creek Greenway","USGS",2022-06-19 22:00:00,NA,NA,NA,0,14.5,2.45,NA,NA,"UTC","36.11757","-86.71905",NA,NA
"379","03431700","Richland Creek","USGS",2022-06-19 22:45:00,NA,NA,NA,0,3.18,0.56,NA,NA,"UTC","36.15122","-86.85427",586,"Warning"
"380","03431700","Jackson Blvd","USGS",2022-06-19 22:45:00,NA,NA,NA,0,3.18,0.56,NA,NA,"UTC","36.10167","-86.86806",NA,NA
"381","0343233905","Lewisburg Pike","USGS",2022-06-19 22:45:00,25.9,8.2,NA,0,11.8,1.85,460,7.7,"UTC","35.89984","-86.84289",43.9,"Safe"
"382","03433500","Moran Rd. Bridge","USGS",2022-06-19 22:30:00,NA,NA,NA,0,71,1.37,NA,NA,"UTC","36.01722","-86.89972",NA,NA
"383","03433500","Hwy 100 Boat Launch","USGS",2022-06-19 22:30:00,NA,NA,NA,0,71,1.37,NA,NA,"UTC","36.05456","-86.92851",-35.5,"Safe"
"384","03434500","Hwy 70","USGS",2022-06-19 22:00:00,NA,NA,NA,0,205,1.43,NA,NA,"UTC","36.12200","-87.09889",NA,NA
"385","03431060","Whitsett Park","USGS",2022-06-19 23:00:00,NA,NA,NA,0,13.9,2.44,NA,NA,"UTC","36.08160","-86.68073",NA,NA
"386","03431060","Mill Creek Greenway","USGS",2022-06-19 23:00:00,NA,NA,NA,0,13.9,2.44,NA,NA,"UTC","36.11757","-86.71905",NA,NA
"387","03431700","Richland Creek","USGS",2022-06-19 23:45:00,NA,NA,NA,0,3.18,0.56,NA,NA,"UTC","36.15122","-86.85427",463,"Warning"
"388","03431700","Jackson Blvd","USGS",2022-06-19 23:45:00,NA,NA,NA,0,3.18,0.56,NA,NA,"UTC","36.10167","-86.86806",NA,NA
"389","0343233905","Lewisburg Pike","USGS",2022-06-20 00:00:00,25.4,8.1,NA,0,11.4,1.84,460,7.3,"UTC","35.89984","-86.84289",41.5,"Safe"
"390","03433500","Moran Rd. Bridge","USGS",2022-06-19 23:30:00,NA,NA,NA,0,71,1.37,NA,NA,"UTC","36.01722","-86.89972",NA,NA
"391","03433500","Hwy 100 Boat Launch","USGS",2022-06-19 23:30:00,NA,NA,NA,0,71,1.37,NA,NA,"UTC","36.05456","-86.92851",-35.5,"Safe"
"392","03434500","Hwy 70","USGS",2022-06-19 23:00:00,NA,NA,NA,0,188,1.37,NA,NA,"UTC","36.12200","-87.09889",NA,NA
"393","03431060","Whitsett Park","USGS",2022-06-20 02:00:00,NA,NA,NA,0,13.3,2.43,NA,NA,"UTC","36.08160","-86.68073",NA,NA
"394","03431060","Mill Creek Greenway","USGS",2022-06-20 02:00:00,NA,NA,NA,0,13.3,2.43,NA,NA,"UTC","36.11757","-86.71905",NA,NA
"395","03431700","Richland Creek","USGS",2022-06-20 02:45:00,NA,NA,NA,0,NA,0.58,NA,NA,"UTC","36.15122","-86.85427",-57,"Safe"
"396","03431700","Jackson Blvd","USGS",2022-06-20 02:45:00,NA,NA,NA,0,NA,0.58,NA,NA,"UTC","36.10167","-86.86806",NA,NA
"397","0343233905","Lewisburg Pike","USGS",2022-06-20 02:45:00,25.1,8.1,NA,0,11.1,1.83,460,6.7,"UTC","35.89984","-86.84289",39.8,"Safe"
"398","03433500","Moran Rd. Bridge","USGS",2022-06-20 02:30:00,NA,NA,NA,0,68.6,1.36,NA,NA,"UTC","36.01722","-86.89972",NA,NA
"399","03433500","Hwy 100 Boat Launch","USGS",2022-06-20 02:30:00,NA,NA,NA,0,68.6,1.36,NA,NA,"UTC","36.05456","-86.92851",-38.9,"Safe"
"400","03434500","Hwy 70","USGS",2022-06-20 02:00:00,NA,NA,NA,0,185,1.36,NA,NA,"UTC","36.12200","-87.09889",NA,NA
"401","03431060","Whitsett Park","USGS",2022-06-20 04:00:00,NA,NA,NA,0,13.3,2.43,NA,NA,"UTC","36.08160","-86.68073",NA,NA
"402","03431060","Mill Creek Greenway","USGS",2022-06-20 04:00:00,NA,NA,NA,0,13.3,2.43,NA,NA,"UTC","36.11757","-86.71905",NA,NA
"403","03431700","Richland Creek","USGS",2022-06-20 03:45:00,NA,NA,NA,0,3.18,0.56,NA,NA,"UTC","36.15122","-86.85427",-188,"Safe"
"404","03431700","Jackson Blvd","USGS",2022-06-20 03:45:00,NA,NA,NA,0,3.18,0.56,NA,NA,"UTC","36.10167","-86.86806",NA,NA
"405","0343233905","Lewisburg Pike","USGS",2022-06-20 04:15:00,24.8,8.1,NA,0,11.1,1.83,460,6.5,"UTC","35.89984","-86.84289",39.8,"Safe"
"406","03433500","Moran Rd. Bridge","USGS",2022-06-20 03:30:00,NA,NA,NA,0,68.6,1.36,NA,NA,"UTC","36.01722","-86.89972",NA,NA
"407","03433500","Hwy 100 Boat Launch","USGS",2022-06-20 03:30:00,NA,NA,NA,0,68.6,1.36,NA,NA,"UTC","36.05456","-86.92851",-38.9,"Safe"
"408","03434500","Hwy 70","USGS",2022-06-20 03:00:00,NA,NA,NA,0,193,1.39,NA,NA,"UTC","36.12200","-87.09889",NA,NA
"409","03431060","Whitsett Park","USGS",2022-06-20 05:00:00,NA,NA,NA,0,12.7,2.42,NA,NA,"UTC","36.08160","-86.68073",NA,NA
"410","03431060","Mill Creek Greenway","USGS",2022-06-20 05:00:00,NA,NA,NA,0,12.7,2.42,NA,NA,"UTC","36.11757","-86.71905",NA,NA
"411","03431700","Richland Creek","USGS",2022-06-20 04:45:00,NA,NA,NA,0,3.18,0.56,NA,NA,"UTC","36.15122","-86.85427",-280,"Safe"
"412","03431700","Jackson Blvd","USGS",2022-06-20 04:45:00,NA,NA,NA,0,3.18,0.56,NA,NA,"UTC","36.10167","-86.86806",NA,NA
"413","0343233905","Lewisburg Pike","USGS",2022-06-20 05:15:00,24.5,8.1,NA,0,11.1,1.83,460,6.5,"UTC","35.89984","-86.84289",39.8,"Safe"
"414","03433500","Moran Rd. Bridge","USGS",2022-06-20 04:30:00,NA,NA,NA,0,68.6,1.36,NA,NA,"UTC","36.01722","-86.89972",NA,NA
"415","03433500","Hwy 100 Boat Launch","USGS",2022-06-20 04:30:00,NA,NA,NA,0,68.6,1.36,NA,NA,"UTC","36.05456","-86.92851",-38.9,"Safe"
"416","03434500","Hwy 70","USGS",2022-06-20 04:00:00,NA,NA,NA,0,193,1.39,NA,NA,"UTC","36.12200","-87.09889",NA,NA
"417","03431060","Whitsett Park","USGS",2022-06-20 06:00:00,NA,NA,NA,0,12.7,2.42,NA,NA,"UTC","36.08160","-86.68073",NA,NA
"418","03431060","Mill Creek Greenway","USGS",2022-06-20 06:00:00,NA,NA,NA,0,12.7,2.42,NA,NA,"UTC","36.11757","-86.71905",NA,NA
"419","03431700","Richland Creek","USGS",2022-06-20 06:45:00,NA,NA,NA,0,3.18,0.56,NA,NA,"UTC","36.15122","-86.85427",-369,"Safe"
"420","03431700","Jackson Blvd","USGS",2022-06-20 06:45:00,NA,NA,NA,0,3.18,0.56,NA,NA,"UTC","36.10167","-86.86806",NA,NA
"421","0343233905","Lewisburg Pike","USGS",2022-06-20 07:00:00,23.9,8.1,NA,0,11.1,1.83,460,6.3,"UTC","35.89984","-86.84289",39.8,"Safe"
"422","03433500","Moran Rd. Bridge","USGS",2022-06-20 06:30:00,NA,NA,NA,0,66.2,1.35,NA,NA,"UTC","36.01722","-86.89972",NA,NA
"423","03433500","Hwy 100 Boat Launch","USGS",2022-06-20 06:30:00,NA,NA,NA,0,66.2,1.35,NA,NA,"UTC","36.05456","-86.92851",-42.3,"Safe"
"424","03434500","Hwy 70","USGS",2022-06-20 06:00:00,NA,NA,NA,0,193,1.39,NA,NA,"UTC","36.12200","-87.09889",NA,NA
"425","03431060","Whitsett Park","USGS",2022-06-20 07:00:00,NA,NA,NA,0,12.7,2.42,NA,NA,"UTC","36.08160","-86.68073",NA,NA
"426","03431060","Mill Creek Greenway","USGS",2022-06-20 07:00:00,NA,NA,NA,0,12.7,2.42,NA,NA,"UTC","36.11757","-86.71905",NA,NA
"427","03431700","Richland Creek","USGS",2022-06-20 07:45:00,NA,NA,NA,0,3.18,0.56,NA,NA,"UTC","36.15122","-86.85427",-397,"Safe"
"428","03431700","Jackson Blvd","USGS",2022-06-20 07:45:00,NA,NA,NA,0,3.18,0.56,NA,NA,"UTC","36.10167","-86.86806",NA,NA
"429","0343233905","Lewisburg Pike","USGS",2022-06-20 07:45:00,23.7,8.1,NA,0,10.7,1.82,460,6.3,"UTC","35.89984","-86.84289",37.5,"Safe"
"430","03433500","Moran Rd. Bridge","USGS",2022-06-20 07:30:00,NA,NA,NA,0,66.2,1.35,NA,NA,"UTC","36.01722","-86.89972",NA,NA
"431","03433500","Hwy 100 Boat Launch","USGS",2022-06-20 07:30:00,NA,NA,NA,0,66.2,1.35,NA,NA,"UTC","36.05456","-86.92851",-42.3,"Safe"
"432","03434500","Hwy 70","USGS",2022-06-20 07:00:00,NA,NA,NA,0,182,1.35,NA,NA,"UTC","36.12200","-87.09889",NA,NA
"433","03431060","Whitsett Park","USGS",2022-06-20 08:00:00,NA,NA,NA,0,12.7,2.42,NA,NA,"UTC","36.08160","-86.68073",NA,NA
"434","03431060","Mill Creek Greenway","USGS",2022-06-20 08:00:00,NA,NA,NA,0,12.7,2.42,NA,NA,"UTC","36.11757","-86.71905",NA,NA
"435","03431700","Richland Creek","USGS",2022-06-20 08:45:00,NA,NA,NA,0,3.18,0.56,NA,NA,"UTC","36.15122","-86.85427",-425,"Safe"
"436","03431700","Jackson Blvd","USGS",2022-06-20 08:45:00,NA,NA,NA,0,3.18,0.56,NA,NA,"UTC","36.10167","-86.86806",NA,NA
"437","0343233905","Lewisburg Pike","USGS",2022-06-20 09:00:00,23.2,8.1,NA,0,10.7,1.82,460,6.2,"UTC","35.89984","-86.84289",37.5,"Safe"
"438","03433500","Moran Rd. Bridge","USGS",2022-06-20 08:30:00,NA,NA,NA,0,66.2,1.35,NA,NA,"UTC","36.01722","-86.89972",NA,NA
"439","03433500","Hwy 100 Boat Launch","USGS",2022-06-20 08:30:00,NA,NA,NA,0,66.2,1.35,NA,NA,"UTC","36.05456","-86.92851",-42.3,"Safe"
"440","03434500","Hwy 70","USGS",2022-06-20 08:00:00,NA,NA,NA,0,191,1.38,NA,NA,"UTC","36.12200","-87.09889",NA,NA
"441","03431060","Whitsett Park","USGS",2022-06-20 10:00:00,NA,NA,NA,0,12.1,2.41,NA,NA,"UTC","36.08160","-86.68073",NA,NA
"442","03431060","Mill Creek Greenway","USGS",2022-06-20 10:00:00,NA,NA,NA,0,12.1,2.41,NA,NA,"UTC","36.11757","-86.71905",NA,NA
"443","03431700","Richland Creek","USGS",2022-06-20 09:45:00,NA,NA,NA,0,3.18,0.56,NA,NA,"UTC","36.15122","-86.85427",-453,"Safe"
"444","03431700","Jackson Blvd","USGS",2022-06-20 09:45:00,NA,NA,NA,0,3.18,0.56,NA,NA,"UTC","36.10167","-86.86806",NA,NA
"445","0343233905","Lewisburg Pike","USGS",2022-06-20 10:00:00,22.9,8.1,NA,0,10.7,1.82,460,6.2,"UTC","35.89984","-86.84289",37.5,"Safe"
"446","03433500","Moran Rd. Bridge","USGS",2022-06-20 09:30:00,NA,NA,NA,0,63.9,1.34,NA,NA,"UTC","36.01722","-86.89972",NA,NA
"447","03433500","Hwy 100 Boat Launch","USGS",2022-06-20 09:30:00,NA,NA,NA,0,63.9,1.34,NA,NA,"UTC","36.05456","-86.92851",-45.5,"Safe"
"448","03434500","Hwy 70","USGS",2022-06-20 09:00:00,NA,NA,NA,0,177,1.33,NA,NA,"UTC","36.12200","-87.09889",NA,NA
"449","03431060","Whitsett Park","USGS",2022-06-20 11:00:00,NA,NA,NA,0,12.1,2.41,NA,NA,"UTC","36.08160","-86.68073",NA,NA
"450","03431060","Mill Creek Greenway","USGS",2022-06-20 11:00:00,NA,NA,NA,0,12.1,2.41,NA,NA,"UTC","36.11757","-86.71905",NA,NA
"451","03431700","Richland Creek","USGS",2022-06-20 10:45:00,NA,NA,NA,0,3.18,0.56,NA,NA,"UTC","36.15122","-86.85427",-453,"Safe"
"452","03431700","Jackson Blvd","USGS",2022-06-20 10:45:00,NA,NA,NA,0,3.18,0.56,NA,NA,"UTC","36.10167","-86.86806",NA,NA
"453","0343233905","Lewisburg Pike","USGS",2022-06-20 11:00:00,22.6,8.1,NA,0,10.7,1.82,460,6.2,"UTC","35.89984","-86.84289",37.5,"Safe"
"454","03433500","Moran Rd. Bridge","USGS",2022-06-20 10:30:00,NA,NA,NA,0,63.9,1.34,NA,NA,"UTC","36.01722","-86.89972",NA,NA
"455","03433500","Hwy 100 Boat Launch","USGS",2022-06-20 10:30:00,NA,NA,NA,0,63.9,1.34,NA,NA,"UTC","36.05456","-86.92851",-45.5,"Safe"
"456","03434500","Hwy 70","USGS",2022-06-20 10:00:00,NA,NA,NA,0,196,1.4,NA,NA,"UTC","36.12200","-87.09889",NA,NA
"457","03431060","Whitsett Park","USGS",2022-06-20 13:00:00,NA,NA,NA,0,12.1,2.41,NA,NA,"UTC","36.08160","-86.68073",NA,NA
"458","03431060","Mill Creek Greenway","USGS",2022-06-20 13:00:00,NA,NA,NA,0,12.1,2.41,NA,NA,"UTC","36.11757","-86.71905",NA,NA
"459","03431700","Richland Creek","USGS",2022-06-20 12:45:00,NA,NA,NA,0,3.18,0.56,NA,NA,"UTC","36.15122","-86.85427",-23.1,"Safe"
"460","03431700","Jackson Blvd","USGS",2022-06-20 12:45:00,NA,NA,NA,0,3.18,0.56,NA,NA,"UTC","36.10167","-86.86806",NA,NA
"461","0343233905","Lewisburg Pike","USGS",2022-06-20 13:15:00,22.2,8.1,NA,0,10.7,1.82,460,6.4,"UTC","35.89984","-86.84289",37.5,"Safe"
"462","03433500","Moran Rd. Bridge","USGS",2022-06-20 12:30:00,NA,NA,NA,0,63.9,1.34,NA,NA,"UTC","36.01722","-86.89972",NA,NA
"463","03433500","Hwy 100 Boat Launch","USGS",2022-06-20 12:30:00,NA,NA,NA,0,63.9,1.34,NA,NA,"UTC","36.05456","-86.92851",-45.5,"Safe"
"464","03434500","Hwy 70","USGS",2022-06-20 13:00:00,NA,NA,NA,0,191,1.38,NA,NA,"UTC","36.12200","-87.09889",NA,NA
"465","03431060","Whitsett Park","USGS",2022-06-20 15:00:00,NA,NA,NA,0,12.1,2.41,NA,NA,"UTC","36.08160","-86.68073",NA,NA
"466","03431060","Mill Creek Greenway","USGS",2022-06-20 15:00:00,NA,NA,NA,0,12.1,2.41,NA,NA,"UTC","36.11757","-86.71905",NA,NA
"467","03431700","Richland Creek","USGS",2022-06-20 15:45:00,NA,NA,NA,0,3.18,0.56,NA,NA,"UTC","36.15122","-86.85427",586,"Warning"
"468","03431700","Jackson Blvd","USGS",2022-06-20 15:45:00,NA,NA,NA,0,3.18,0.56,NA,NA,"UTC","36.10167","-86.86806",NA,NA
"469","0343233905","Lewisburg Pike","USGS",2022-06-20 15:45:00,22.8,8.1,NA,0,10.7,1.82,460,7.2,"UTC","35.89984","-86.84289",37.5,"Safe"
"470","03433500","Moran Rd. Bridge","USGS",2022-06-20 15:30:00,NA,NA,NA,0,63.9,1.34,NA,NA,"UTC","36.01722","-86.89972",NA,NA
"471","03433500","Hwy 100 Boat Launch","USGS",2022-06-20 15:30:00,NA,NA,NA,0,63.9,1.34,NA,NA,"UTC","36.05456","-86.92851",-45.5,"Safe"
"472","03434500","Hwy 70","USGS",2022-06-20 15:00:00,NA,NA,NA,0,191,1.38,NA,NA,"UTC","36.12200","-87.09889",NA,NA
"473","03431060","Whitsett Park","USGS",2022-06-20 17:00:00,NA,NA,NA,0,11.6,2.4,NA,NA,"UTC","36.08160","-86.68073",NA,NA
"474","03431060","Mill Creek Greenway","USGS",2022-06-20 17:00:00,NA,NA,NA,0,11.6,2.4,NA,NA,"UTC","36.11757","-86.71905",NA,NA
"475","03431700","Richland Creek","USGS",2022-06-20 16:45:00,NA,NA,NA,0,3.18,0.56,NA,NA,"UTC","36.15122","-86.85427",715,"Warning"
"476","03431700","Jackson Blvd","USGS",2022-06-20 16:45:00,NA,NA,NA,0,3.18,0.56,NA,NA,"UTC","36.10167","-86.86806",NA,NA
"477","0343233905","Lewisburg Pike","USGS",2022-06-20 17:15:00,24,8.2,NA,0,10.4,1.81,460,8,"UTC","35.89984","-86.84289",35.7,"Safe"
"478","03433500","Moran Rd. Bridge","USGS",2022-06-20 16:30:00,NA,NA,NA,0,61.6,1.33,NA,NA,"UTC","36.01722","-86.89972",NA,NA
"479","03433500","Hwy 100 Boat Launch","USGS",2022-06-20 16:30:00,NA,NA,NA,0,61.6,1.33,NA,NA,"UTC","36.05456","-86.92851",-48.8,"Safe"
"480","03434500","Hwy 70","USGS",2022-06-20 16:00:00,NA,NA,NA,0,180,1.34,NA,NA,"UTC","36.12200","-87.09889",NA,NA
"481","03431060","Whitsett Park","USGS",2022-06-20 17:00:00,NA,NA,NA,0,11.6,2.4,NA,NA,"UTC","36.08160","-86.68073",NA,NA
"482","03431060","Mill Creek Greenway","USGS",2022-06-20 17:00:00,NA,NA,NA,0,11.6,2.4,NA,NA,"UTC","36.11757","-86.71905",NA,NA
"483","03431700","Richland Creek","USGS",2022-06-20 17:45:00,NA,NA,NA,0,3.18,0.56,NA,NA,"UTC","36.15122","-86.85427",759,"Warning"
"484","03431700","Jackson Blvd","USGS",2022-06-20 17:45:00,NA,NA,NA,0,3.18,0.56,NA,NA,"UTC","36.10167","-86.86806",NA,NA
"485","0343233905","Lewisburg Pike","USGS",2022-06-20 18:00:00,24.8,8.2,NA,0,10.4,1.81,460,8.5,"UTC","35.89984","-86.84289",35.7,"Safe"
"486","03433500","Moran Rd. Bridge","USGS",2022-06-20 17:30:00,NA,NA,NA,0,55,1.3,NA,NA,"UTC","36.01722","-86.89972",NA,NA
"487","03433500","Hwy 100 Boat Launch","USGS",2022-06-20 17:30:00,NA,NA,NA,0,55,1.3,NA,NA,"UTC","36.05456","-86.92851",-58.1,"Safe"
"488","03434500","Hwy 70","USGS",2022-06-20 17:00:00,NA,NA,NA,0,180,1.34,NA,NA,"UTC","36.12200","-87.09889",NA,NA
"489","03431060","Whitsett Park","USGS",2022-06-20 20:00:00,NA,NA,NA,0,11.6,2.4,NA,NA,"UTC","36.08160","-86.68073",NA,NA
"490","03431060","Mill Creek Greenway","USGS",2022-06-20 20:00:00,NA,NA,NA,0,11.6,2.4,NA,NA,"UTC","36.11757","-86.71905",NA,NA
"491","03431700","Richland Creek","USGS",2022-06-20 20:45:00,NA,NA,NA,0,3.18,0.56,NA,NA,"UTC","36.15122","-86.85427",939,"Warning"
"492","03431700","Jackson Blvd","USGS",2022-06-20 20:45:00,NA,NA,NA,0,3.18,0.56,NA,NA,"UTC","36.10167","-86.86806",NA,NA
"493","0343233905","Lewisburg Pike","USGS",2022-06-20 20:45:00,26.6,8.2,NA,0,10.4,1.81,460,8.9,"UTC","35.89984","-86.84289",35.7,"Safe"
"494","03433500","Moran Rd. Bridge","USGS",2022-06-20 20:30:00,NA,NA,NA,0,63.9,1.34,NA,NA,"UTC","36.01722","-86.89972",NA,NA
"495","03433500","Hwy 100 Boat Launch","USGS",2022-06-20 20:30:00,NA,NA,NA,0,63.9,1.34,NA,NA,"UTC","36.05456","-86.92851",-45.5,"Safe"
"496","03434500","Hwy 70","USGS",2022-06-20 20:00:00,NA,NA,NA,0,188,1.37,NA,NA,"UTC","36.12200","-87.09889",NA,NA
"497","03431060","Whitsett Park","USGS",2022-06-20 21:00:00,NA,NA,NA,0,11.6,2.4,NA,NA,"UTC","36.08160","-86.68073",NA,NA
"498","03431060","Mill Creek Greenway","USGS",2022-06-20 21:00:00,NA,NA,NA,0,11.6,2.4,NA,NA,"UTC","36.11757","-86.71905",NA,NA
"499","03431700","Richland Creek","USGS",2022-06-20 21:45:00,NA,NA,NA,0,3.18,0.56,NA,NA,"UTC","36.15122","-86.85427",893,"Warning"
"500","03431700","Jackson Blvd","USGS",2022-06-20 21:45:00,NA,NA,NA,0,3.18,0.56,NA,NA,"UTC","36.10167","-86.86806",NA,NA
"501","0343233905","Lewisburg Pike","USGS",2022-06-20 21:45:00,26.4,8.2,NA,0,10.1,1.8,460,8.5,"UTC","35.89984","-86.84289",34,"Safe"
"502","03433500","Moran Rd. Bridge","USGS",2022-06-20 21:30:00,NA,NA,NA,0,61.6,1.33,NA,NA,"UTC","36.01722","-86.89972",NA,NA
"503","03433500","Hwy 100 Boat Launch","USGS",2022-06-20 21:30:00,NA,NA,NA,0,61.6,1.33,NA,NA,"UTC","36.05456","-86.92851",-48.8,"Safe"
"504","03434500","Hwy 70","USGS",2022-06-20 21:00:00,NA,NA,NA,0,177,1.33,NA,NA,"UTC","36.12200","-87.09889",NA,NA
"505","03431060","Whitsett Park","USGS",2022-06-20 22:00:00,NA,NA,NA,0,11.6,2.4,NA,NA,"UTC","36.08160","-86.68073",NA,NA
"506","03431060","Mill Creek Greenway","USGS",2022-06-20 22:00:00,NA,NA,NA,0,11.6,2.4,NA,NA,"UTC","36.11757","-86.71905",NA,NA
"507","03431700","Richland Creek","USGS",2022-06-20 22:45:00,NA,NA,NA,0,3.18,0.56,NA,NA,"UTC","36.15122","-86.85427",985,"Warning"
"508","03431700","Jackson Blvd","USGS",2022-06-20 22:45:00,NA,NA,NA,0,3.18,0.56,NA,NA,"UTC","36.10167","-86.86806",NA,NA
"509","0343233905","Lewisburg Pike","USGS",2022-06-20 23:00:00,25.8,8.2,NA,0,10.4,1.81,460,7.8,"UTC","35.89984","-86.84289",35.7,"Safe"
"510","03433500","Moran Rd. Bridge","USGS",2022-06-20 22:30:00,NA,NA,NA,0,61.6,1.33,NA,NA,"UTC","36.01722","-86.89972",NA,NA
"511","03433500","Hwy 100 Boat Launch","USGS",2022-06-20 22:30:00,NA,NA,NA,0,61.6,1.33,NA,NA,"UTC","36.05456","-86.92851",-48.8,"Safe"
"512","03434500","Hwy 70","USGS",2022-06-20 22:00:00,NA,NA,NA,0,177,1.33,NA,NA,"UTC","36.12200","-87.09889",NA,NA
"513","03431060","Whitsett Park","USGS",2022-06-20 23:00:00,NA,NA,NA,0,11,2.39,NA,NA,"UTC","36.08160","-86.68073",NA,NA
"514","03431060","Mill Creek Greenway","USGS",2022-06-20 23:00:00,NA,NA,NA,0,11,2.39,NA,NA,"UTC","36.11757","-86.71905",NA,NA
"515","03431700","Richland Creek","USGS",2022-06-20 23:45:00,NA,NA,NA,0,2.91,0.55,NA,NA,"UTC","36.15122","-86.85427",985,"Warning"
"516","03431700","Jackson Blvd","USGS",2022-06-20 23:45:00,NA,NA,NA,0,2.91,0.55,NA,NA,"UTC","36.10167","-86.86806",NA,NA
"517","0343233905","Lewisburg Pike","USGS",2022-06-20 23:45:00,25.6,8.1,NA,0,10.1,1.8,460,7.5,"UTC","35.89984","-86.84289",34,"Safe"
"518","03433500","Moran Rd. Bridge","USGS",2022-06-20 23:30:00,NA,NA,NA,0,61.6,1.33,NA,NA,"UTC","36.01722","-86.89972",NA,NA
"519","03433500","Hwy 100 Boat Launch","USGS",2022-06-20 23:30:00,NA,NA,NA,0,61.6,1.33,NA,NA,"UTC","36.05456","-86.92851",-48.8,"Safe"
"520","03434500","Hwy 70","USGS",2022-06-20 23:00:00,NA,NA,NA,0,185,1.36,NA,NA,"UTC","36.12200","-87.09889",NA,NA
"521","03431060","Whitsett Park","USGS",2022-06-21 02:00:00,NA,NA,NA,0,11,2.39,NA,NA,"UTC","36.08160","-86.68073",NA,NA
"522","03431060","Mill Creek Greenway","USGS",2022-06-21 02:00:00,NA,NA,NA,0,11,2.39,NA,NA,"UTC","36.11757","-86.71905",NA,NA
"523","03431700","Richland Creek","USGS",2022-06-21 02:45:00,NA,NA,NA,0,2.91,0.55,NA,NA,"UTC","36.15122","-86.85427",-23.1,"Safe"
"524","03431700","Jackson Blvd","USGS",2022-06-21 02:45:00,NA,NA,NA,0,2.91,0.55,NA,NA,"UTC","36.10167","-86.86806",NA,NA
"525","0343233905","Lewisburg Pike","USGS",2022-06-21 02:45:00,25.1,8.1,NA,0,9.78,1.79,460,6.8,"UTC","35.89984","-86.84289",32.2,"Safe"
"526","03433500","Moran Rd. Bridge","USGS",2022-06-21 02:30:00,NA,NA,NA,0,61.6,1.33,NA,NA,"UTC","36.01722","-86.89972",NA,NA
"527","03433500","Hwy 100 Boat Launch","USGS",2022-06-21 02:30:00,NA,NA,NA,0,61.6,1.33,NA,NA,"UTC","36.05456","-86.92851",-48.8,"Safe"
"528","03434500","Hwy 70","USGS",2022-06-21 02:00:00,NA,NA,NA,0,182,1.35,NA,NA,"UTC","36.12200","-87.09889",NA,NA
"529","03431060","Whitsett Park","USGS",2022-06-21 04:00:00,NA,NA,NA,0,11,2.39,NA,NA,"UTC","36.08160","-86.68073",NA,NA
"530","03431060","Mill Creek Greenway","USGS",2022-06-21 04:00:00,NA,NA,NA,0,11,2.39,NA,NA,"UTC","36.11757","-86.71905",NA,NA
"531","03431700","Richland Creek","USGS",2022-06-21 03:45:00,NA,NA,NA,0,3.18,0.56,NA,NA,"UTC","36.15122","-86.85427",-90.4,"Safe"
"532","03431700","Jackson Blvd","USGS",2022-06-21 03:45:00,NA,NA,NA,0,3.18,0.56,NA,NA,"UTC","36.10167","-86.86806",NA,NA
"533","0343233905","Lewisburg Pike","USGS",2022-06-21 04:30:00,24.8,8.1,NA,0,9.47,1.78,460,6.5,"UTC","35.89984","-86.84289",30.4,"Safe"
"534","03433500","Moran Rd. Bridge","USGS",2022-06-21 03:30:00,NA,NA,NA,0,61.6,1.33,NA,NA,"UTC","36.01722","-86.89972",NA,NA
"535","03433500","Hwy 100 Boat Launch","USGS",2022-06-21 03:30:00,NA,NA,NA,0,61.6,1.33,NA,NA,"UTC","36.05456","-86.92851",-48.8,"Safe"
"536","03434500","Hwy 70","USGS",2022-06-21 04:00:00,NA,NA,NA,0,166,1.29,NA,NA,"UTC","36.12200","-87.09889",NA,NA
"537","03431060","Whitsett Park","USGS",2022-06-21 05:00:00,NA,NA,NA,0,11,2.39,NA,NA,"UTC","36.08160","-86.68073",NA,NA
"538","03431060","Mill Creek Greenway","USGS",2022-06-21 05:00:00,NA,NA,NA,0,11,2.39,NA,NA,"UTC","36.11757","-86.71905",NA,NA
"539","03431700","Richland Creek","USGS",2022-06-21 04:45:00,NA,NA,NA,0,2.91,0.55,NA,NA,"UTC","36.15122","-86.85427",-156,"Safe"
"540","03431700","Jackson Blvd","USGS",2022-06-21 04:45:00,NA,NA,NA,0,2.91,0.55,NA,NA,"UTC","36.10167","-86.86806",NA,NA
"541","0343233905","Lewisburg Pike","USGS",2022-06-21 05:15:00,24.7,8.1,NA,0,9.47,1.78,460,6.3,"UTC","35.89984","-86.84289",30.4,"Safe"
"542","03433500","Moran Rd. Bridge","USGS",2022-06-21 04:30:00,NA,NA,NA,0,61.6,1.33,NA,NA,"UTC","36.01722","-86.89972",NA,NA
"543","03433500","Hwy 100 Boat Launch","USGS",2022-06-21 04:30:00,NA,NA,NA,0,61.6,1.33,NA,NA,"UTC","36.05456","-86.92851",-48.8,"Safe"
"544","03434500","Hwy 70","USGS",2022-06-21 04:00:00,NA,NA,NA,0,166,1.29,NA,NA,"UTC","36.12200","-87.09889",NA,NA
"545","03431060","Whitsett Park","USGS",2022-06-21 07:00:00,NA,NA,NA,0,11.6,2.4,NA,NA,"UTC","36.08160","-86.68073",NA,NA
"546","03431060","Mill Creek Greenway","USGS",2022-06-21 07:00:00,NA,NA,NA,0,11.6,2.4,NA,NA,"UTC","36.11757","-86.71905",NA,NA
"547","03431700","Richland Creek","USGS",2022-06-21 07:45:00,NA,NA,NA,0,2.91,0.55,NA,NA,"UTC","36.15122","-86.85427",-250,"Safe"
"548","03431700","Jackson Blvd","USGS",2022-06-21 07:45:00,NA,NA,NA,0,2.91,0.55,NA,NA,"UTC","36.10167","-86.86806",NA,NA
"549","0343233905","Lewisburg Pike","USGS",2022-06-21 07:45:00,24,8.1,NA,0,9.18,1.77,460,6.2,"UTC","35.89984","-86.84289",28.7,"Safe"
"550","03433500","Moran Rd. Bridge","USGS",2022-06-21 07:30:00,NA,NA,NA,0,59.3,1.32,NA,NA,"UTC","36.01722","-86.89972",NA,NA
"551","03433500","Hwy 100 Boat Launch","USGS",2022-06-21 07:30:00,NA,NA,NA,0,59.3,1.32,NA,NA,"UTC","36.05456","-86.92851",-52,"Safe"
"552","03434500","Hwy 70","USGS",2022-06-21 07:00:00,NA,NA,NA,0,164,1.28,NA,NA,"UTC","36.12200","-87.09889",NA,NA
"553","03431060","Whitsett Park","USGS",2022-06-21 09:00:00,NA,NA,NA,0,12.1,2.41,NA,NA,"UTC","36.08160","-86.68073",NA,NA
"554","03431060","Mill Creek Greenway","USGS",2022-06-21 09:00:00,NA,NA,NA,0,12.1,2.41,NA,NA,"UTC","36.11757","-86.71905",NA,NA
"555","03431700","Richland Creek","USGS",2022-06-21 08:45:00,NA,NA,NA,0,2.91,0.55,NA,NA,"UTC","36.15122","-86.85427",-280,"Safe"
"556","03431700","Jackson Blvd","USGS",2022-06-21 08:45:00,NA,NA,NA,0,2.91,0.55,NA,NA,"UTC","36.10167","-86.86806",NA,NA
"557","0343233905","Lewisburg Pike","USGS",2022-06-21 09:00:00,23.7,8.1,NA,0,8.9,1.76,460,6.1,"UTC","35.89984","-86.84289",27.1,"Safe"
"558","03433500","Moran Rd. Bridge","USGS",2022-06-21 08:30:00,NA,NA,NA,0,57.1,1.31,NA,NA,"UTC","36.01722","-86.89972",NA,NA
"559","03433500","Hwy 100 Boat Launch","USGS",2022-06-21 08:30:00,NA,NA,NA,0,57.1,1.31,NA,NA,"UTC","36.05456","-86.92851",-55.1,"Safe"
"560","03434500","Hwy 70","USGS",2022-06-21 08:00:00,NA,NA,NA,0,164,1.28,NA,NA,"UTC","36.12200","-87.09889",NA,NA
"561","03431060","Whitsett Park","USGS",2022-06-21 10:00:00,NA,NA,NA,0,12.1,2.41,NA,NA,"UTC","36.08160","-86.68073",NA,NA
"562","03431060","Mill Creek Greenway","USGS",2022-06-21 10:00:00,NA,NA,NA,0,12.1,2.41,NA,NA,"UTC","36.11757","-86.71905",NA,NA
"563","03431700","Richland Creek","USGS",2022-06-21 09:45:00,NA,NA,NA,0,3.18,0.56,NA,NA,"UTC","36.15122","-86.85427",-280,"Safe"
"564","03431700","Jackson Blvd","USGS",2022-06-21 09:45:00,NA,NA,NA,0,3.18,0.56,NA,NA,"UTC","36.10167","-86.86806",NA,NA
"565","0343233905","Lewisburg Pike","USGS",2022-06-21 10:15:00,23.4,8,NA,0,8.9,1.76,460,6,"UTC","35.89984","-86.84289",27.1,"Safe"
"566","03433500","Moran Rd. Bridge","USGS",2022-06-21 09:30:00,NA,NA,NA,0,57.1,1.31,NA,NA,"UTC","36.01722","-86.89972",NA,NA
"567","03433500","Hwy 100 Boat Launch","USGS",2022-06-21 09:30:00,NA,NA,NA,0,57.1,1.31,NA,NA,"UTC","36.05456","-86.92851",-55.1,"Safe"
"568","03434500","Hwy 70","USGS",2022-06-21 09:00:00,NA,NA,NA,0,177,1.33,NA,NA,"UTC","36.12200","-87.09889",NA,NA
"569","03431060","Whitsett Park","USGS",2022-06-21 11:00:00,NA,NA,NA,0,12.1,2.41,NA,NA,"UTC","36.08160","-86.68073",NA,NA
"570","03431060","Mill Creek Greenway","USGS",2022-06-21 11:00:00,NA,NA,NA,0,12.1,2.41,NA,NA,"UTC","36.11757","-86.71905",NA,NA
"571","03431700","Richland Creek","USGS",2022-06-21 10:45:00,NA,NA,NA,0,3.18,0.56,NA,NA,"UTC","36.15122","-86.85427",-280,"Safe"
"572","03431700","Jackson Blvd","USGS",2022-06-21 10:45:00,NA,NA,NA,0,3.18,0.56,NA,NA,"UTC","36.10167","-86.86806",NA,NA
"573","0343233905","Lewisburg Pike","USGS",2022-06-21 11:00:00,23.2,8,NA,0,8.9,1.76,470,5.9,"UTC","35.89984","-86.84289",27.1,"Safe"
"574","03433500","Moran Rd. Bridge","USGS",2022-06-21 10:30:00,NA,NA,NA,0,55,1.3,NA,NA,"UTC","36.01722","-86.89972",NA,NA
"575","03433500","Hwy 100 Boat Launch","USGS",2022-06-21 10:30:00,NA,NA,NA,0,55,1.3,NA,NA,"UTC","36.05456","-86.92851",-58.1,"Safe"
"576","03434500","Hwy 70","USGS",2022-06-21 10:00:00,NA,NA,NA,0,180,1.34,NA,NA,"UTC","36.12200","-87.09889",NA,NA
"577","03431060","Whitsett Park","USGS",2022-06-21 11:00:00,NA,NA,NA,0,12.1,2.41,NA,NA,"UTC","36.08160","-86.68073",NA,NA
"578","03431060","Mill Creek Greenway","USGS",2022-06-21 11:00:00,NA,NA,NA,0,12.1,2.41,NA,NA,"UTC","36.11757","-86.71905",NA,NA
"579","03431700","Richland Creek","USGS",2022-06-21 11:45:00,NA,NA,NA,0,3.18,0.56,NA,NA,"UTC","36.15122","-86.85427",-156,"Safe"
"580","03431700","Jackson Blvd","USGS",2022-06-21 11:45:00,NA,NA,NA,0,3.18,0.56,NA,NA,"UTC","36.10167","-86.86806",NA,NA
"581","0343233905","Lewisburg Pike","USGS",2022-06-21 12:00:00,22.9,8,NA,0,8.9,1.76,470,6.1,"UTC","35.89984","-86.84289",27.1,"Safe"
"582","03433500","Moran Rd. Bridge","USGS",2022-06-21 11:30:00,NA,NA,NA,0,55,1.3,NA,NA,"UTC","36.01722","-86.89972",NA,NA
"583","03433500","Hwy 100 Boat Launch","USGS",2022-06-21 11:30:00,NA,NA,NA,0,55,1.3,NA,NA,"UTC","36.05456","-86.92851",-58.1,"Safe"
"584","03434500","Hwy 70","USGS",2022-06-21 11:00:00,NA,NA,NA,0,180,1.34,NA,NA,"UTC","36.12200","-87.09889",NA,NA
"585","03431060","Whitsett Park","USGS",2022-06-21 13:00:00,NA,NA,NA,0,11.6,2.4,NA,NA,"UTC","36.08160","-86.68073",NA,NA
"586","03431060","Mill Creek Greenway","USGS",2022-06-21 13:00:00,NA,NA,NA,0,11.6,2.4,NA,NA,"UTC","36.11757","-86.71905",NA,NA
"587","03431700","Richland Creek","USGS",2022-06-21 12:45:00,NA,NA,NA,0,3.18,0.56,NA,NA,"UTC","36.15122","-86.85427",117,"Safe"
"588","03431700","Jackson Blvd","USGS",2022-06-21 12:45:00,NA,NA,NA,0,3.18,0.56,NA,NA,"UTC","36.10167","-86.86806",NA,NA
"589","0343233905","Lewisburg Pike","USGS",2022-06-21 13:15:00,22.9,8,NA,0,8.63,1.75,470,6.2,"UTC","35.89984","-86.84289",25.5,"Safe"
"590","03433500","Moran Rd. Bridge","USGS",2022-06-21 12:30:00,NA,NA,NA,0,55,1.3,NA,NA,"UTC","36.01722","-86.89972",NA,NA
"591","03433500","Hwy 100 Boat Launch","USGS",2022-06-21 12:30:00,NA,NA,NA,0,55,1.3,NA,NA,"UTC","36.05456","-86.92851",-58.1,"Safe"
"592","03434500","Hwy 70","USGS",2022-06-21 13:00:00,NA,NA,NA,0,180,1.34,NA,NA,"UTC","36.12200","-87.09889",NA,NA
"593","03431060","Whitsett Park","USGS",2022-06-21 14:00:00,NA,NA,NA,0,11.6,2.4,NA,NA,"UTC","36.08160","-86.68073",NA,NA
"594","03431060","Mill Creek Greenway","USGS",2022-06-21 14:00:00,NA,NA,NA,0,11.6,2.4,NA,NA,"UTC","36.11757","-86.71905",NA,NA
"595","03431700","Richland Creek","USGS",2022-06-21 13:45:00,NA,NA,NA,0,3.18,0.56,NA,NA,"UTC","36.15122","-86.85427",382,"Warning"
"596","03431700","Jackson Blvd","USGS",2022-06-21 13:45:00,NA,NA,NA,0,3.18,0.56,NA,NA,"UTC","36.10167","-86.86806",NA,NA
"597","0343233905","Lewisburg Pike","USGS",2022-06-21 14:15:00,23,8.1,NA,0,8.63,1.75,470,6.5,"UTC","35.89984","-86.84289",25.5,"Safe"
"598","03433500","Moran Rd. Bridge","USGS",2022-06-21 13:30:00,NA,NA,NA,0,55,1.3,NA,NA,"UTC","36.01722","-86.89972",NA,NA
"599","03433500","Hwy 100 Boat Launch","USGS",2022-06-21 13:30:00,NA,NA,NA,0,55,1.3,NA,NA,"UTC","36.05456","-86.92851",-58.1,"Safe"
"600","03434500","Hwy 70","USGS",2022-06-21 13:00:00,NA,NA,NA,0,180,1.34,NA,NA,"UTC","36.12200","-87.09889",NA,NA
"601","03431060","Whitsett Park","USGS",2022-06-21 14:00:00,NA,NA,NA,0,11.6,2.4,NA,NA,"UTC","36.08160","-86.68073",NA,NA
"602","03431060","Mill Creek Greenway","USGS",2022-06-21 14:00:00,NA,NA,NA,0,11.6,2.4,NA,NA,"UTC","36.11757","-86.71905",NA,NA
"603","03431700","Richland Creek","USGS",2022-06-21 14:45:00,NA,NA,NA,0,3.18,0.56,NA,NA,"UTC","36.15122","-86.85427",629,"Warning"
"604","03431700","Jackson Blvd","USGS",2022-06-21 14:45:00,NA,NA,NA,0,3.18,0.56,NA,NA,"UTC","36.10167","-86.86806",NA,NA
"605","0343233905","Lewisburg Pike","USGS",2022-06-21 14:45:00,23.2,8.1,NA,0,8.9,1.76,470,6.8,"UTC","35.89984","-86.84289",27.1,"Safe"
"606","03433500","Moran Rd. Bridge","USGS",2022-06-21 14:30:00,NA,NA,NA,0,55,1.3,NA,NA,"UTC","36.01722","-86.89972",NA,NA
"607","03433500","Hwy 100 Boat Launch","USGS",2022-06-21 14:30:00,NA,NA,NA,0,55,1.3,NA,NA,"UTC","36.05456","-86.92851",-58.1,"Safe"
"608","03434500","Hwy 70","USGS",2022-06-21 14:00:00,NA,NA,NA,0,174,1.32,NA,NA,"UTC","36.12200","-87.09889",NA,NA
"609","03431060","Whitsett Park","USGS",2022-06-21 17:00:00,NA,NA,NA,0,11,2.39,NA,NA,"UTC","36.08160","-86.68073",NA,NA
"610","03431060","Mill Creek Greenway","USGS",2022-06-21 17:00:00,NA,NA,NA,0,11,2.39,NA,NA,"UTC","36.11757","-86.71905",NA,NA
"611","03431700","Richland Creek","USGS",2022-06-21 16:45:00,NA,NA,NA,0,3.18,0.56,NA,NA,"UTC","36.15122","-86.85427",715,"Warning"
"612","03431700","Jackson Blvd","USGS",2022-06-21 16:45:00,NA,NA,NA,0,3.18,0.56,NA,NA,"UTC","36.10167","-86.86806",NA,NA
"613","0343233905","Lewisburg Pike","USGS",2022-06-21 17:15:00,24.7,8.1,NA,0,8.9,1.76,470,8,"UTC","35.89984","-86.84289",27.1,"Safe"
"614","03433500","Moran Rd. Bridge","USGS",2022-06-21 16:30:00,NA,NA,NA,0,57.1,1.31,NA,NA,"UTC","36.01722","-86.89972",NA,NA
"615","03433500","Hwy 100 Boat Launch","USGS",2022-06-21 16:30:00,NA,NA,NA,0,57.1,1.31,NA,NA,"UTC","36.05456","-86.92851",-55.1,"Safe"
"616","03434500","Hwy 70","USGS",2022-06-21 16:00:00,NA,NA,NA,0,166,1.29,NA,NA,"UTC","36.12200","-87.09889",NA,NA
"617","03431060","Whitsett Park","USGS",2022-06-21 18:00:00,NA,NA,NA,0,11,2.39,NA,NA,"UTC","36.08160","-86.68073",NA,NA
"618","03431060","Mill Creek Greenway","USGS",2022-06-21 18:00:00,NA,NA,NA,0,11,2.39,NA,NA,"UTC","36.11757","-86.71905",NA,NA
"619","03431700","Richland Creek","USGS",2022-06-21 17:45:00,NA,NA,NA,0,3.18,0.56,NA,NA,"UTC","36.15122","-86.85427",939,"Warning"
"620","03431700","Jackson Blvd","USGS",2022-06-21 17:45:00,NA,NA,NA,0,3.18,0.56,NA,NA,"UTC","36.10167","-86.86806",NA,NA
"621","0343233905","Lewisburg Pike","USGS",2022-06-21 18:15:00,25.8,8.2,NA,0,8.9,1.76,470,8.7,"UTC","35.89984","-86.84289",27.1,"Safe"
"622","03433500","Moran Rd. Bridge","USGS",2022-06-21 17:30:00,NA,NA,NA,0,57.1,1.31,NA,NA,"UTC","36.01722","-86.89972",NA,NA
"623","03433500","Hwy 100 Boat Launch","USGS",2022-06-21 17:30:00,NA,NA,NA,0,57.1,1.31,NA,NA,"UTC","36.05456","-86.92851",-55.1,"Safe"
"624","03434500","Hwy 70","USGS",2022-06-21 17:00:00,NA,NA,NA,0,169,1.3,NA,NA,"UTC","36.12200","-87.09889",NA,NA
"625","03431060","Whitsett Park","USGS",2022-06-21 18:00:00,NA,NA,NA,0,11,2.39,NA,NA,"UTC","36.08160","-86.68073",NA,NA
"626","03431060","Mill Creek Greenway","USGS",2022-06-21 18:00:00,NA,NA,NA,0,11,2.39,NA,NA,"UTC","36.11757","-86.71905",NA,NA
"627","03431700","Richland Creek","USGS",2022-06-21 18:45:00,NA,NA,NA,0,2.91,0.55,NA,NA,"UTC","36.15122","-86.85427",939,"Warning"
"628","03431700","Jackson Blvd","USGS",2022-06-21 18:45:00,NA,NA,NA,0,2.91,0.55,NA,NA,"UTC","36.10167","-86.86806",NA,NA
"629","0343233905","Lewisburg Pike","USGS",2022-06-21 19:00:00,26.5,8.2,NA,0,8.9,1.76,470,9.1,"UTC","35.89984","-86.84289",27.1,"Safe"
"630","03433500","Moran Rd. Bridge","USGS",2022-06-21 18:30:00,NA,NA,NA,0,59.3,1.32,NA,NA,"UTC","36.01722","-86.89972",NA,NA
"631","03433500","Hwy 100 Boat Launch","USGS",2022-06-21 18:30:00,NA,NA,NA,0,59.3,1.32,NA,NA,"UTC","36.05456","-86.92851",-52,"Safe"
"632","03434500","Hwy 70","USGS",2022-06-21 18:00:00,NA,NA,NA,0,177,1.33,NA,NA,"UTC","36.12200","-87.09889",NA,NA
"633","03431060","Whitsett Park","USGS",2022-06-21 19:00:00,NA,NA,NA,0,11,2.39,NA,NA,"UTC","36.08160","-86.68073",NA,NA
"634","03431060","Mill Creek Greenway","USGS",2022-06-21 19:00:00,NA,NA,NA,0,11,2.39,NA,NA,"UTC","36.11757","-86.71905",NA,NA
"635","03431700","Richland Creek","USGS",2022-06-21 19:45:00,NA,NA,NA,0,2.91,0.55,NA,NA,"UTC","36.15122","-86.85427",848,"Warning"
"636","03431700","Jackson Blvd","USGS",2022-06-21 19:45:00,NA,NA,NA,0,2.91,0.55,NA,NA,"UTC","36.10167","-86.86806",NA,NA
"637","0343233905","Lewisburg Pike","USGS",2022-06-21 19:45:00,27.1,8.2,NA,0,8.9,1.76,470,9.2,"UTC","35.89984","-86.84289",27.1,"Safe"
"638","03433500","Moran Rd. Bridge","USGS",2022-06-21 19:30:00,NA,NA,NA,0,57.1,1.31,NA,NA,"UTC","36.01722","-86.89972",NA,NA
"639","03433500","Hwy 100 Boat Launch","USGS",2022-06-21 19:30:00,NA,NA,NA,0,57.1,1.31,NA,NA,"UTC","36.05456","-86.92851",-55.1,"Safe"
"640","03434500","Hwy 70","USGS",2022-06-21 19:00:00,NA,NA,NA,0,166,1.29,NA,NA,"UTC","36.12200","-87.09889",NA,NA
"641","03431060","Whitsett Park","USGS",2022-06-21 21:00:00,NA,NA,NA,0,10.5,2.38,NA,NA,"UTC","36.08160","-86.68073",NA,NA
"642","03431060","Mill Creek Greenway","USGS",2022-06-21 21:00:00,NA,NA,NA,0,10.5,2.38,NA,NA,"UTC","36.11757","-86.71905",NA,NA
"643","03431700","Richland Creek","USGS",2022-06-21 20:45:00,NA,NA,NA,0,2.91,0.55,NA,NA,"UTC","36.15122","-86.85427",939,"Warning"
"644","03431700","Jackson Blvd","USGS",2022-06-21 20:45:00,NA,NA,NA,0,2.91,0.55,NA,NA,"UTC","36.10167","-86.86806",NA,NA
"645","0343233905","Lewisburg Pike","USGS",2022-06-21 21:00:00,27.5,8.2,NA,0,8.9,1.76,470,9.1,"UTC","35.89984","-86.84289",27.1,"Safe"
"646","03433500","Moran Rd. Bridge","USGS",2022-06-21 20:30:00,NA,NA,NA,0,59.3,1.32,NA,NA,"UTC","36.01722","-86.89972",NA,NA
"647","03433500","Hwy 100 Boat Launch","USGS",2022-06-21 20:30:00,NA,NA,NA,0,59.3,1.32,NA,NA,"UTC","36.05456","-86.92851",-52,"Safe"
"648","03434500","Hwy 70","USGS",2022-06-21 20:00:00,NA,NA,NA,0,174,1.32,NA,NA,"UTC","36.12200","-87.09889",NA,NA
"649","03431060","Whitsett Park","USGS",2022-06-21 21:00:00,NA,NA,NA,0,10.5,2.38,NA,NA,"UTC","36.08160","-86.68073",NA,NA
"650","03431060","Mill Creek Greenway","USGS",2022-06-21 21:00:00,NA,NA,NA,0,10.5,2.38,NA,NA,"UTC","36.11757","-86.71905",NA,NA
"651","03431700","Richland Creek","USGS",2022-06-21 21:45:00,NA,NA,NA,0,2.91,0.55,NA,NA,"UTC","36.15122","-86.85427",893,"Warning"
"652","03431700","Jackson Blvd","USGS",2022-06-21 21:45:00,NA,NA,NA,0,2.91,0.55,NA,NA,"UTC","36.10167","-86.86806",NA,NA
"653","0343233905","Lewisburg Pike","USGS",2022-06-21 21:45:00,27.4,8.2,NA,0,9.18,1.77,470,8.8,"UTC","35.89984","-86.84289",28.7,"Safe"
"654","03433500","Moran Rd. Bridge","USGS",2022-06-21 21:30:00,NA,NA,NA,0,59.3,1.32,NA,NA,"UTC","36.01722","-86.89972",NA,NA
"655","03433500","Hwy 100 Boat Launch","USGS",2022-06-21 21:30:00,NA,NA,NA,0,59.3,1.32,NA,NA,"UTC","36.05456","-86.92851",-52,"Safe"
"656","03434500","Hwy 70","USGS",2022-06-21 21:00:00,NA,NA,NA,0,172,1.31,NA,NA,"UTC","36.12200","-87.09889",NA,NA
"657","03431060","Whitsett Park","USGS",2022-06-21 22:00:00,NA,NA,NA,0,10.5,2.38,NA,NA,"UTC","36.08160","-86.68073",NA,NA
"658","03431060","Mill Creek Greenway","USGS",2022-06-21 22:00:00,NA,NA,NA,0,10.5,2.38,NA,NA,"UTC","36.11757","-86.71905",NA,NA
"659","03431700","Richland Creek","USGS",2022-06-21 22:45:00,NA,NA,NA,0,2.91,0.55,NA,NA,"UTC","36.15122","-86.85427",893,"Warning"
"660","03431700","Jackson Blvd","USGS",2022-06-21 22:45:00,NA,NA,NA,0,2.91,0.55,NA,NA,"UTC","36.10167","-86.86806",NA,NA
"661","0343233905","Lewisburg Pike","USGS",2022-06-21 23:00:00,26.9,8.1,NA,0,9.18,1.77,470,8,"UTC","35.89984","-86.84289",28.7,"Safe"
"662","03433500","Moran Rd. Bridge","USGS",2022-06-21 22:30:00,NA,NA,NA,0,59.3,1.32,NA,NA,"UTC","36.01722","-86.89972",NA,NA
"663","03433500","Hwy 100 Boat Launch","USGS",2022-06-21 22:30:00,NA,NA,NA,0,59.3,1.32,NA,NA,"UTC","36.05456","-86.92851",-52,"Safe"
"664","03434500","Hwy 70","USGS",2022-06-21 22:00:00,NA,NA,NA,0,177,1.33,NA,NA,"UTC","36.12200","-87.09889",NA,NA
"665","03431060","Whitsett Park","USGS",2022-06-21 23:00:00,NA,NA,NA,0,10.5,2.38,NA,NA,"UTC","36.08160","-86.68073",NA,NA
"666","03431060","Mill Creek Greenway","USGS",2022-06-21 23:00:00,NA,NA,NA,0,10.5,2.38,NA,NA,"UTC","36.11757","-86.71905",NA,NA
"667","03431700","Richland Creek","USGS",2022-06-21 23:45:00,NA,NA,NA,0,2.91,0.55,NA,NA,"UTC","36.15122","-86.85427",985,"Warning"
"668","03431700","Jackson Blvd","USGS",2022-06-21 23:45:00,NA,NA,NA,0,2.91,0.55,NA,NA,"UTC","36.10167","-86.86806",NA,NA
"669","0343233905","Lewisburg Pike","USGS",2022-06-22 00:00:00,26.6,8.1,NA,0,9.18,1.77,470,7.6,"UTC","35.89984","-86.84289",28.7,"Safe"
"670","03433500","Moran Rd. Bridge","USGS",2022-06-21 23:30:00,NA,NA,NA,0,57.1,1.31,NA,NA,"UTC","36.01722","-86.89972",NA,NA
"671","03433500","Hwy 100 Boat Launch","USGS",2022-06-21 23:30:00,NA,NA,NA,0,57.1,1.31,NA,NA,"UTC","36.05456","-86.92851",-55.1,"Safe"
"672","03434500","Hwy 70","USGS",2022-06-21 23:00:00,NA,NA,NA,0,172,1.31,NA,NA,"UTC","36.12200","-87.09889",NA,NA
"673","03431060","Whitsett Park","USGS",2022-06-22 02:00:00,NA,NA,NA,0,10.5,2.38,NA,NA,"UTC","36.08160","-86.68073",NA,NA
"674","03431060","Mill Creek Greenway","USGS",2022-06-22 02:00:00,NA,NA,NA,0,10.5,2.38,NA,NA,"UTC","36.11757","-86.71905",NA,NA
"675","03431700","Richland Creek","USGS",2022-06-22 02:45:00,NA,NA,NA,0,2.91,0.55,NA,NA,"UTC","36.15122","-86.85427",343,"Warning"
"676","03431700","Jackson Blvd","USGS",2022-06-22 02:45:00,NA,NA,NA,0,2.91,0.55,NA,NA,"UTC","36.10167","-86.86806",NA,NA
"677","0343233905","Lewisburg Pike","USGS",2022-06-22 03:00:00,26.1,8.1,NA,0,8.9,1.76,470,6.7,"UTC","35.89984","-86.84289",27.1,"Safe"
"678","03433500","Moran Rd. Bridge","USGS",2022-06-22 02:30:00,NA,NA,NA,0,59.3,1.32,NA,NA,"UTC","36.01722","-86.89972",NA,NA
"679","03433500","Hwy 100 Boat Launch","USGS",2022-06-22 02:30:00,NA,NA,NA,0,59.3,1.32,NA,NA,"UTC","36.05456","-86.92851",-52,"Safe"
"680","03434500","Hwy 70","USGS",2022-06-22 02:00:00,NA,NA,NA,0,172,1.31,NA,NA,"UTC","36.12200","-87.09889",NA,NA
"681","03431060","Whitsett Park","USGS",2022-06-22 04:00:00,NA,NA,NA,0,10,2.37,NA,NA,"UTC","36.08160","-86.68073",NA,NA
"682","03431060","Mill Creek Greenway","USGS",2022-06-22 04:00:00,NA,NA,NA,0,10,2.37,NA,NA,"UTC","36.11757","-86.71905",NA,NA
"683","03431700","Richland Creek","USGS",2022-06-22 03:45:00,NA,NA,NA,0,2.91,0.55,NA,NA,"UTC","36.15122","-86.85427",228,"Caution"
"684","03431700","Jackson Blvd","USGS",2022-06-22 03:45:00,NA,NA,NA,0,2.91,0.55,NA,NA,"UTC","36.10167","-86.86806",NA,NA
"685","0343233905","Lewisburg Pike","USGS",2022-06-22 04:30:00,26.1,8,NA,0,8.63,1.75,470,6.4,"UTC","35.89984","-86.84289",25.5,"Safe"
"686","03433500","Moran Rd. Bridge","USGS",2022-06-22 04:30:00,NA,NA,NA,0,57.1,1.31,NA,NA,"UTC","36.01722","-86.89972",NA,NA
"687","03433500","Hwy 100 Boat Launch","USGS",2022-06-22 04:30:00,NA,NA,NA,0,57.1,1.31,NA,NA,"UTC","36.05456","-86.92851",-55.1,"Safe"
"688","03434500","Hwy 70","USGS",2022-06-22 04:00:00,NA,NA,NA,0,174,1.32,NA,NA,"UTC","36.12200","-87.09889",NA,NA
"689","03431060","Whitsett Park","USGS",2022-06-22 06:00:00,NA,NA,NA,0,10.5,2.38,NA,NA,"UTC","36.08160","-86.68073",NA,NA
"690","03431060","Mill Creek Greenway","USGS",2022-06-22 06:00:00,NA,NA,NA,0,10.5,2.38,NA,NA,"UTC","36.11757","-86.71905",NA,NA
"691","03431700","Richland Creek","USGS",2022-06-22 06:45:00,NA,NA,NA,0,3.18,0.56,NA,NA,"UTC","36.15122","-86.85427",81.5,"Safe"
"692","03431700","Jackson Blvd","USGS",2022-06-22 06:45:00,NA,NA,NA,0,3.18,0.56,NA,NA,"UTC","36.10167","-86.86806",NA,NA
"693","0343233905","Lewisburg Pike","USGS",2022-06-22 07:00:00,25.8,8,NA,0,8.63,1.75,470,6.2,"UTC","35.89984","-86.84289",25.5,"Safe"
"694","03433500","Moran Rd. Bridge","USGS",2022-06-22 06:30:00,NA,NA,NA,0,55,1.3,NA,NA,"UTC","36.01722","-86.89972",NA,NA
"695","03433500","Hwy 100 Boat Launch","USGS",2022-06-22 06:30:00,NA,NA,NA,0,55,1.3,NA,NA,"UTC","36.05456","-86.92851",-58.1,"Safe"
"696","03434500","Hwy 70","USGS",2022-06-22 06:00:00,NA,NA,NA,0,172,1.31,NA,NA,"UTC","36.12200","-87.09889",NA,NA
"697","03431060","Whitsett Park","USGS",2022-06-22 07:00:00,NA,NA,NA,0,11,2.39,NA,NA,"UTC","36.08160","-86.68073",NA,NA
"698","03431060","Mill Creek Greenway","USGS",2022-06-22 07:00:00,NA,NA,NA,0,11,2.39,NA,NA,"UTC","36.11757","-86.71905",NA,NA
"699","03431700","Richland Creek","USGS",2022-06-22 07:45:00,NA,NA,NA,0,2.91,0.55,NA,NA,"UTC","36.15122","-86.85427",81.5,"Safe"
"700","03431700","Jackson Blvd","USGS",2022-06-22 07:45:00,NA,NA,NA,0,2.91,0.55,NA,NA,"UTC","36.10167","-86.86806",NA,NA
"701","0343233905","Lewisburg Pike","USGS",2022-06-22 07:45:00,25.7,8,NA,0,8.63,1.75,470,6.1,"UTC","35.89984","-86.84289",25.5,"Safe"
"702","03433500","Moran Rd. Bridge","USGS",2022-06-22 07:30:00,NA,NA,NA,0,55,1.3,NA,NA,"UTC","36.01722","-86.89972",NA,NA
"703","03433500","Hwy 100 Boat Launch","USGS",2022-06-22 07:30:00,NA,NA,NA,0,55,1.3,NA,NA,"UTC","36.05456","-86.92851",-58.1,"Safe"
"704","03434500","Hwy 70","USGS",2022-06-22 07:00:00,NA,NA,NA,0,166,1.29,NA,NA,"UTC","36.12200","-87.09889",NA,NA
"705","03431060","Whitsett Park","USGS",2022-06-22 09:00:00,NA,NA,NA,0,11,2.39,NA,NA,"UTC","36.08160","-86.68073",NA,NA
"706","03431060","Mill Creek Greenway","USGS",2022-06-22 09:00:00,NA,NA,NA,0,11,2.39,NA,NA,"UTC","36.11757","-86.71905",NA,NA
"707","03431700","Richland Creek","USGS",2022-06-22 09:45:00,NA,NA,NA,0,2.91,0.55,NA,NA,"UTC","36.15122","-86.85427",11.3,"Safe"
"708","03431700","Jackson Blvd","USGS",2022-06-22 09:45:00,NA,NA,NA,0,2.91,0.55,NA,NA,"UTC","36.10167","-86.86806",NA,NA
"709","0343233905","Lewisburg Pike","USGS",2022-06-22 09:45:00,25.2,8,NA,0,8.36,1.74,470,5.9,"UTC","35.89984","-86.84289",23.9,"Safe"
"710","03433500","Moran Rd. Bridge","USGS",2022-06-22 09:30:00,NA,NA,NA,0,52.9,1.29,NA,NA,"UTC","36.01722","-86.89972",NA,NA
"711","03433500","Hwy 100 Boat Launch","USGS",2022-06-22 09:30:00,NA,NA,NA,0,52.9,1.29,NA,NA,"UTC","36.05456","-86.92851",-61.1,"Safe"
"712","03434500","Hwy 70","USGS",2022-06-22 09:00:00,NA,NA,NA,0,161,1.27,NA,NA,"UTC","36.12200","-87.09889",NA,NA
"713","03431060","Whitsett Park","USGS",2022-06-22 10:00:00,NA,NA,NA,0,11.6,2.4,NA,NA,"UTC","36.08160","-86.68073",NA,NA
"714","03431060","Mill Creek Greenway","USGS",2022-06-22 10:00:00,NA,NA,NA,0,11.6,2.4,NA,NA,"UTC","36.11757","-86.71905",NA,NA
"715","03431700","Richland Creek","USGS",2022-06-22 10:45:00,NA,NA,NA,0,2.91,0.55,NA,NA,"UTC","36.15122","-86.85427",11.3,"Safe"
"716","03431700","Jackson Blvd","USGS",2022-06-22 10:45:00,NA,NA,NA,0,2.91,0.55,NA,NA,"UTC","36.10167","-86.86806",NA,NA
"717","0343233905","Lewisburg Pike","USGS",2022-06-22 11:00:00,25,8,NA,0,8.36,1.74,470,5.8,"UTC","35.89984","-86.84289",23.9,"Safe"
"718","03433500","Moran Rd. Bridge","USGS",2022-06-22 10:30:00,NA,NA,NA,0,52.9,1.29,NA,NA,"UTC","36.01722","-86.89972",NA,NA
"719","03433500","Hwy 100 Boat Launch","USGS",2022-06-22 10:30:00,NA,NA,NA,0,52.9,1.29,NA,NA,"UTC","36.05456","-86.92851",-61.1,"Safe"
"720","03434500","Hwy 70","USGS",2022-06-22 10:00:00,NA,NA,NA,0,156,1.25,NA,NA,"UTC","36.12200","-87.09889",NA,NA
"721","03431060","Whitsett Park","USGS",2022-06-22 11:00:00,NA,NA,NA,0,11.6,2.4,NA,NA,"UTC","36.08160","-86.68073",NA,NA
"722","03431060","Mill Creek Greenway","USGS",2022-06-22 11:00:00,NA,NA,NA,0,11.6,2.4,NA,NA,"UTC","36.11757","-86.71905",NA,NA
"723","03431700","Richland Creek","USGS",2022-06-22 11:45:00,NA,NA,NA,0,2.91,0.55,NA,NA,"UTC","36.15122","-86.85427",81.5,"Safe"
"724","03431700","Jackson Blvd","USGS",2022-06-22 11:45:00,NA,NA,NA,0,2.91,0.55,NA,NA,"UTC","36.10167","-86.86806",NA,NA
"725","0343233905","Lewisburg Pike","USGS",2022-06-22 11:45:00,24.9,8,NA,0,8.36,1.74,470,5.8,"UTC","35.89984","-86.84289",23.9,"Safe"
"726","03433500","Moran Rd. Bridge","USGS",2022-06-22 11:30:00,NA,NA,NA,0,52.9,1.29,NA,NA,"UTC","36.01722","-86.89972",NA,NA
"727","03433500","Hwy 100 Boat Launch","USGS",2022-06-22 11:30:00,NA,NA,NA,0,52.9,1.29,NA,NA,"UTC","36.05456","-86.92851",-61.1,"Safe"
"728","03434500","Hwy 70","USGS",2022-06-22 11:00:00,NA,NA,NA,0,166,1.29,NA,NA,"UTC","36.12200","-87.09889",NA,NA
"729","03431060","Whitsett Park","USGS",2022-06-22 13:00:00,NA,NA,NA,0,11,2.39,NA,NA,"UTC","36.08160","-86.68073",NA,NA
"730","03431060","Mill Creek Greenway","USGS",2022-06-22 13:00:00,NA,NA,NA,0,11,2.39,NA,NA,"UTC","36.11757","-86.71905",NA,NA
"731","03431700","Richland Creek","USGS",2022-06-22 12:45:00,NA,NA,NA,0,2.91,0.55,NA,NA,"UTC","36.15122","-86.85427",463,"Warning"
"732","03431700","Jackson Blvd","USGS",2022-06-22 12:45:00,NA,NA,NA,0,2.91,0.55,NA,NA,"UTC","36.10167","-86.86806",NA,NA
"733","0343233905","Lewisburg Pike","USGS",2022-06-22 13:15:00,24.9,8,NA,0,8.36,1.74,470,5.9,"UTC","35.89984","-86.84289",23.9,"Safe"
"734","03433500","Moran Rd. Bridge","USGS",2022-06-22 12:30:00,NA,NA,NA,0,52.9,1.29,NA,NA,"UTC","36.01722","-86.89972",NA,NA
"735","03433500","Hwy 100 Boat Launch","USGS",2022-06-22 12:30:00,NA,NA,NA,0,52.9,1.29,NA,NA,"UTC","36.05456","-86.92851",-61.1,"Safe"
"736","03434500","Hwy 70","USGS",2022-06-22 12:00:00,NA,NA,NA,0,169,1.3,NA,NA,"UTC","36.12200","-87.09889",NA,NA
"737","03431060","Whitsett Park","USGS",2022-06-22 14:00:00,NA,NA,NA,0,11,2.39,NA,NA,"UTC","36.08160","-86.68073",NA,NA
"738","03431060","Mill Creek Greenway","USGS",2022-06-22 14:00:00,NA,NA,NA,0,11,2.39,NA,NA,"UTC","36.11757","-86.71905",NA,NA
"739","03431700","Richland Creek","USGS",2022-06-22 13:45:00,NA,NA,NA,0,2.91,0.55,NA,NA,"UTC","36.15122","-86.85427",586,"Warning"
"740","03431700","Jackson Blvd","USGS",2022-06-22 13:45:00,NA,NA,NA,0,2.91,0.55,NA,NA,"UTC","36.10167","-86.86806",NA,NA
"741","0343233905","Lewisburg Pike","USGS",2022-06-22 14:15:00,25,8,NA,0,8.36,1.74,470,6.3,"UTC","35.89984","-86.84289",23.9,"Safe"
"742","03433500","Moran Rd. Bridge","USGS",2022-06-22 13:30:00,NA,NA,NA,0,50.8,1.28,NA,NA,"UTC","36.01722","-86.89972",NA,NA
"743","03433500","Hwy 100 Boat Launch","USGS",2022-06-22 13:30:00,NA,NA,NA,0,50.8,1.28,NA,NA,"UTC","36.05456","-86.92851",-64.1,"Safe"
"744","03434500","Hwy 70","USGS",2022-06-22 13:00:00,NA,NA,NA,0,172,1.31,NA,NA,"UTC","36.12200","-87.09889",NA,NA
